accession,composition_string
G00026MO,NC NB NA N4 N1
G00028MO,NC NB NA N4 N20 N19 N1
G00176HZ,NC NB NA N9 N7 N5 N4 N2 N15 N1
G00231WL,NC NB NA N9 N8 N7 N6 N5 N4 N38 N3 N2 N17 N16 N15 N10 N1
G00279YF,NC NB NA N7 N5 N4 N29 N2 N1
G00413UF,NC NB NA N8 N7 N6 N5 N4 N3 N2 N14 N12 N1
G00432WV,NC NB NA N8 N7 N6 N5 N4 N3 N2 N18 N1
G00470UO,NC NB NA N9 N7 N5 N4 N29 N2 N15 N1
G00492CQ,NC NB NA N7 N4 N15 N1
G00503EE,NC NB NA N9 N7 N6 N5 N4 N2 N15 N10 N1
G00531ZU,NC NB NA N6 N54 N5 N4 N3 N2 N17 N104 N1
G00536FZ,NC NB NA N9 N7 N6 N5 N4 N2 N15 N10 N1
G00606LX,NC NB NA N9 N8 N7 N6 N5 N43 N42 N41 N4 N3 N2 N18 N15 N10 N1
G00695JO,NC NB NA N7 N4 N2 N15 N11 N1
G00706QN,NC NB NA N41 N4 N2 N15 N1
G00743WU,NC NB NA N69 N5 N4 N30 N29 N2 N15 N1
G00797ZX,NC NB NA N8 N71 N7 N6 N54 N53 N50 N5 N4 N39 N3 N2 N15 N1
G00883ZT,NC NB NA N4 N23 N21 N20 N19 N1
G00951UF,NC NB NA N9 N5 N4 N31 N2 N11 N1
G00978TF,NC NB NA N4 N3 N2 N1
G00986YT,NC NB NA N8 N7 N6 N5 N4 N1
G00995HW,NC NB NA N83 N60 N6 N59 N5 N4 N3 N2 N15 N1
G00998NI,NC NB NA N6 N5 N4 N3 N2 N15 N1
G01310VF,NC NB NA N9 N8 N7 N6 N5 N4 N38 N3 N2 N16 N15 N14 N12 N10 N1
G01342FO,NC NB NA N99 N98 N63 N62 N60 N6 N59 N5 N42 N41 N4 N3 N2 N15 N1
G01361CV,NC NB NA N6 N5 N4 N3 N2 N15 N12 N1
G01378OV,NC NB NA N6 N54 N5 N4 N3 N2 N104 N1
G01414CL,NC NB NA N9 N5 N4 N29 N2 N15 N1
G01476WA,NC NB NA N6 N53 N52 N5 N4 N3 N2 N1
G01489UZ,NC NB NA N6 N53 N5 N4 N3 N2 N15 N1
G01613KN,NC NB NA N9 N8 N7 N60 N6 N59 N5 N4 N3 N2 N15 N10 N1
G01669LU,NC NB NA N8 N7 N6 N5 N4 N34 N3 N2 N1
G01670UQ,NC NB NA N6 N5 N4 N3 N2 N12 N1
G01856RL,NC NB NA N6 N5 N47 N4 N3 N2 N1
G01935FK,NC NB NA N6 N5 N42 N4 N3 N2 N1
G02122FK,NC NB NA N9 N8 N7 N63 N62 N6 N5 N4 N3 N2 N15 N10 N1
G02156UW,NC NB NA N8 N7 N6 N5 N4 N15 N1
G02193CV,NC NB NA N9 N8 N7 N6 N5 N4 N38 N3 N2 N16 N15 N10 N1
G02284UY,NC NB NA N8 N7 N52 N4 N3 N2 N14 N1
G02290KA,NC NB NA N9 N7 N5 N4 N2 N11 N1
G02310VX,NC NB NA N9 N74 N5 N4 N30 N15 N1
G02311IE,NC NB NA N9 N8 N7 N6 N5 N4 N34 N3 N2 N17 N15 N10 N1
G02322JK,NC NB NA N9 N6 N5 N4 N37 N36 N3 N2 N15 N10 N1
G02410EE,NC NB NA N4 N3 N2 N12 N1
G02470WS,NC NB NA N6 N5 N46 N4 N32 N31 N3 N2 N15 N13 N12 N1
G02471GW,NC NB NA N7 N52 N5 N4 N3 N2 N15 N1
G02473HY,NC NB NA N69 N5 N42 N4 N30 N29 N2 N15 N1
G02483WT,NC NB NA N9 N8 N7 N6 N5 N4 N3 N2 N15 N12 N10 N1
G02582JY,NC NB NA N73 N6 N5 N44 N4 N2 N1
G02654EL,NC NB NA N9 N8 N7 N6 N5 N4 N15 N10 N1
G02679YX,NC NB NA N60 N6 N59 N5 N4 N3 N2 N15 N1
G02915XR,NC NB NA N70 N69 N5 N4 N30 N29 N2 N15 N1
G02934UB,NC NB NA N9 N6 N5 N4 N35 N3 N2 N17 N16 N10 N1
G02945KQ,NC NB NA N4 N23 N20 N2 N19 N1
G03075ZE,NC NB NA N8 N7 N6 N5 N4 N34 N3 N2 N15 N13 N1
G03164NE,NC NB NA N6 N5 N46 N4 N32 N31 N3 N2 N16 N15 N12 N1
G03165SD,NC NB NA N9 N74 N5 N4 N30 N29 N2 N15 N1
G03216SJ,NC NB NA N9 N6 N5 N4 N10 N1
G03272YQ,NC NB NA N6 N5 N42 N41 N4 N3 N2 N15 N11 N1
G03275SD,NC NB NA N4 N3 N23 N20 N2 N19 N1
G03346FO,NC NB NA N9 N6 N5 N4 N35 N3 N2 N13 N12 N10 N1
G03385XG,NC NB NA N8 N7 N6 N5 N4 N34 N3 N2 N13 N1
G03431NA,NC NB NA N80 N8 N75 N7 N63 N62 N60 N6 N59 N5 N4 N3 N2 N1
G03445UI,NC NB NA N7 N6 N5 N4 N2 N15 N1
G03652TR,NC NB NA N4 N20 N19 N1
G03740OH,NC NB NA N8 N7 N4 N3 N2 N15 N1
G03754YM,NC NB NA N9 N8 N7 N6 N58 N5 N43 N4 N37 N36 N34 N3 N2 N17 N16 N15 N10 N1
G03764XL,NC NB NA N5 N4 N3 N2 N12 N11 N1
G03834RX,NC NB NA N69 N4 N29 N2 N1
G03895SR,NC NB NA N8 N7 N6 N5 N4 N34 N3 N2 N16 N15 N1
G03921DY,NC NB NA N9 N6 N5 N4 N29 N2 N15 N10 N1
G03951JJ,NC NB NA N9 N6 N5 N4 N3 N2 N12 N10 N1
G04023GJ,NC NB NA N9 N8 N7 N6 N5 N4 N38 N3 N2 N16 N10 N1
G04048YA,NC NB NA N4 N29 N2 N1
G04077XA,NC NB NA N5 N4 N30 N29 N2 N15 N1
G04216GB,NC NB NA N4 N24 N22 N21 N19 N1
G04273XP,NC NB NA N8 N7 N6 N5 N4 N34 N3 N2 N17 N13 N1
G04445KN,NC NB NA N4 N2 N19 N1
G04483SK,NC NB NA N8 N7 N6 N5 N4 N15 N1
G04508HC,NC NB NA N9 N7 N5 N4 N2 N15 N1
G04576KS,NC NB NA N4 N3 N20 N2 N19 N12 N1
G04622LK,NC NB NA N8 N7 N6 N5 N4 N29 N2 N1
G04699RP,NC NB NA N5 N4 N30 N29 N2 N1
G04744XB,NC NB NA N9 N4 N15 N10 N1
G04751OE,NC NB NA N6 N54 N53 N5 N4 N3 N2 N1
G04775TV,NC NB NA N9 N8 N7 N6 N5 N42 N4 N3 N2 N18 N10 N1
G04791QM,NC NB NA N5 N4 N3 N2 N12 N1
G04855ZO,NC NB NA N9 N7 N6 N5 N4 N3 N2 N15 N10 N1
G04989WY,NC NB NA N8 N7 N6 N5 N4 N34 N3 N2 N15 N1
G05026ZL,NB NA
G05187WH,NC NB NA N5 N4 N30 N29 N2 N1
G05260RH,NC NB NA N6 N52 N50 N5 N4 N3 N2 N1
G05319BS,NC NB NA N4 N3 N2 N17 N15 N1
G05360PA,NC NB NA N82 N8 N7 N6 N5 N4 N34 N3 N2 N12 N1
G05382JE,NC NB NA N7 N5 N4 N2 N15 N1
G05478GN,NC NB NA N60 N6 N59 N5 N4 N3 N2 N1
G05562XX,NC NB NA N61 N60 N6 N59 N56 N5 N4 N3 N2 N15 N1
G05611SB,NC NB NA N6 N5 N4 N29 N2 N15 N1
G05619KO,NC NB NA N4 N3 N2 N15 N12 N1
G05763EW,NC NB NA N4 N29 N20 N2 N19 N1
G05794RZ,NC NB NA N4 N3 N20 N2 N19 N15 N12 N11 N1
G05948HK,NC NB NA N9 N6 N5 N4 N15 N10 N1
G06070KG,NC NB NA N4 N29 N2 N15 N1
G06100NA,NC NB NA N4 N29 N20 N2 N19 N15 N1
G06131VP,NC NB NA N9 N7 N6 N5 N4 N2 N10 N1
G06191GU,NC NB NA N9 N6 N5 N47 N4 N3 N2 N10 N1
G06209KS,NC NB NA N4 N3 N2 N12 N1
G06216UH,NC NB NA N5 N4 N30 N29 N2 N1
G06404ZJ,NC NB NA N9 N8 N7 N6 N5 N4 N38 N34 N16 N15 N11 N10 N1
G06437BU,NC NB NA N9 N8 N71 N7 N6 N54 N53 N50 N5 N4 N39 N3 N2 N152 N15 N10 N1
G06578MY,NC NB NA N9 N74 N6 N5 N4 N29 N2 N15 N1
G06635WE,NC NB NA N9 N70 N5 N4 N38 N30 N3 N2 N17 N15 N10 N1
G06673TD,NC NB NA N5 N4 N30 N29 N2 N1
G06730AH,NC NB NA N6 N5 N4 N32 N31 N3 N2 N1
G06731AE,NC NB NA N6 N5 N41 N4 N3 N2 N16 N1
G06820QR,NC NB NA N9 N8 N7 N6 N5 N49 N4 N3 N2 N12 N10 N1
G06920GM,NC NB NA N5 N4 N1
G06969ZX,NC NB NA N8 N7 N5 N4 N3 N2 N1
G07041CT,NC NB NA N97 N6 N53 N5 N41 N4 N3 N2 N15 N1
G07162IJ,NC NB NA N63 N62 N6 N5 N42 N4 N3 N2 N15 N100 N1
G07169PS,NC NB NA N7 N4 N1
G07228BR,NC NB NA N7 N6 N5 N4 N2 N11 N1
G07262RR,NC NB NA N97 N53 N5 N4 N3 N2 N15 N11 N1
G07292LK,NC NB NA N9 N8 N74 N7 N5 N4 N30 N29 N2 N15 N1
G07328EF,NC NB NA N6 N5 N4 N32 N31 N3 N2 N15 N1
G07337US,NC NB NA N6 N5 N42 N4 N3 N2 N17 N16 N15 N1
G07380TS,NC NB NA N9 N6 N5 N4 N2 N10 N1
G07392QY,NC NB NA N6 N5 N4 N3 N2 N15 N13 N1
G07410AW,NC NB NA N9 N7 N6 N5 N4 N3 N28 N2 N15 N10 N1
G07483YN,NC NB NA N4 N2 N15 N1
G07617FP,NC NB NA N4 N21 N19 N1
G07695ZT,NC NB NA N9 N6 N5 N4 N15 N10 N1
G07699XI,NC NB NA N8 N7 N6 N5 N44 N4 N2 N1
G07842DQ,NC NB NA N9 N8 N7 N6 N5 N4 N38 N34 N3 N2 N13 N12 N10 N1
G07947TY,NC NB NA N9 N6 N5 N4 N37 N36 N3 N2 N15 N10 N1
G07982BU,NC NB NA N9 N5 N4 N29 N2 N15 N1
G07995VK,NC NB NA N6 N5 N4 N3 N2 N16 N1
G08096ND,NC NB NA N9 N4 N1
G08111FJ,NC NB NA N8 N7 N6 N5 N42 N41 N4 N3 N2 N18 N11 N1
G08113XU,NC NB NA N6 N54 N50 N5 N4 N3 N2 N1
G08161JQ,NC NB NA N9 N6 N5 N4 N2 N15 N1
G08185DV,NC NB NA N6 N5 N4 N29 N2 N15 N1
G08242BT,NC NB NA N6 N54 N50 N5 N4 N3 N2 N15 N1
G08492JZ,NC NB NA N9 N74 N7 N5 N4 N30 N29 N2 N15 N1
G08520NM,NC NB NA N4 N20 N2 N19 N1
G08577ZR,NC NB NA N9 N6 N5 N4 N2 N15 N1
G08646YJ,NC NB NA N6 N5 N4 N3 N2 N13 N1
G08679LR,NC NB NA N83 N60 N6 N59 N52 N5 N4 N3 N2 N1
G08709JB,NC NB NA N9 N6 N53 N5 N4 N3 N2 N15 N10 N1
G08820NR,NC NB NA N7 N5 N4 N29 N2 N15 N1
G08882LF,NC NB NA N9 N6 N5 N4 N35 N3 N2 N15 N13 N12 N10 N1
G08896RO,NC NB NA N9 N8 N7 N6 N5 N43 N42 N41 N4 N3 N2 N18 N15 N11 N10 N1
G09020HN,NC NB NA N9 N8 N7 N6 N5 N4 N38 N3 N2 N16 N14 N12 N10 N1
G09057LN,NC NB NA N8 N7 N6 N5 N4 N3 N2 N14 N13 N12 N1
G09118YK,NC NB NA N82 N8 N7 N6 N5 N4 N34 N3 N2 N16 N15 N1
G09125WG,NC NB NA N97 N53 N5 N4 N3 N2 N15 N11 N1
G09150LP,NC NB NA N8 N7 N6 N5 N4 N29 N2 N15 N1
G09260EL,NC NB NA N9 N8 N7 N6 N5 N4 N38 N34 N3 N2 N17 N15 N13 N10 N1
G09276TA,NC NB NA N9 N6 N5 N4 N3 N2 N16 N10 N1
G09322OS,NC NB NA N8 N7 N6 N5 N4 N3 N2 N12 N1
G09393NL,NC NB NA N9 N8 N7 N6 N5 N42 N4 N3 N2 N18 N10 N1
G09416DG,NC NB NA N4 N25 N22 N21 N1
G09446VC,NC NB NA N7 N5 N4 N2 N15 N11 N1
G09482NW,NC NB NA N5 N4 N30 N29 N2 N1
G09513RD,NC NB NA N9 N74 N7 N5 N4 N30 N29 N2 N1
G09556KR,NC NB NA N8 N7 N6 N5 N49 N47 N4 N3 N2 N18 N130 N1
G09568JT,NC NB NA N9 N8 N7 N6 N5 N4 N3 N2 N10 N1
G09576QH,NC NB NA N9 N8 N7 N63 N62 N60 N6 N59 N5 N4 N37 N36 N3 N2 N15 N10 N1
G09650BK,NC NB NA N6 N5 N42 N4 N3 N2 N11 N1
G09666WO,NC NB NA N7 N5 N4 N2 N15 N11 N1
G09670SR,NC NB NA N7 N5 N4 N30 N29 N2 N1
G09724ZC,NC NB NA N4 N19 N1
G09727XA,NC NB NA N97 N6 N53 N5 N4 N3 N2 N1
G09902CG,NC NB NA N9 N8 N7 N6 N5 N4 N37 N36 N3 N2 N15 N10 N1
G09921WG,NC NB NA N86 N5 N44 N4 N2 N15 N1
G10106TL,NC NB NA N6 N5 N4 N1
G10182XZ,NC NB NA N44 N4 N2 N1
G10209QU,NC NB NA N44 N4 N2 N15 N1
G10219AA,NC NB NA N9 N5 N4 N2 N1
G10228OD,NC NB NA N8 N7 N6 N5 N4 N3 N2 N17 N16 N15 N1
G10258MC,NC NB NA N69 N6 N5 N4 N29 N2 N16 N1
G10292TC,NC NB NA N9 N8 N7 N6 N5 N4 N3 N2 N15 N12 N10 N1
G10300DY,NC NB NA N4 N3 N2 N19 N15 N12 N1
G10417XF,NC NB NA N6 N5 N46 N4 N32 N31 N3 N2 N17 N15 N13 N1
G10470SE,NC NB NA N9 N8 N7 N6 N5 N4 N34 N3 N2 N17 N16 N15 N10 N1
G10483PN,NC NB NA N6 N5 N4 N3 N2 N17 N15 N11 N1
G10578GY,NC NB NA N9 N8 N7 N6 N5 N4 N34 N3 N2 N16 N15 N10 N1
G10627KR,NC NB NA N6 N54 N5 N4 N3 N2 N15 N1
G10664FL,NC NB NA N73 N5 N44 N4 N2 N15 N1
G10691MJ,NC NB NA N7 N6 N5 N4 N3 N2 N15 N1
G10733HY,NC NB NA N6 N5 N4 N3 N2 N17 N15 N11 N1
G10770RR,NC NB NA N9 N6 N5 N4 N35 N3 N2 N16 N15 N12 N10 N1
G10835DD,NC NB NA N9 N8 N70 N7 N5 N4 N38 N34 N30 N3 N2 N17 N15 N10 N1
G10844WB,NC NB NA N6 N50 N5 N4 N3 N2 N1
G10881VB,NC NB NA N9 N4 N10 N1
G10965EB,NC NB NA N72 N7 N52 N4 N3 N20 N2 N1
G11010AN,NC NB NA N83 N60 N6 N59 N5 N4 N3 N2 N1
G11034PZ,NC NB NA N9 N6 N5 N4 N3 N2 N16 N10 N1
G11041DA,NC NB NA N6 N5 N4 N3 N2 N15 N12 N1
G11165BC,NC NB NA N9 N80 N8 N75 N7 N63 N62 N6 N5 N4 N37 N36 N3 N2 N10 N1
G11278YL,NC NB NA N72 N7 N4 N3 N2 N15 N1
G11460AB,NC NB NA N40 N4 N15 N1
G11509RN,NC NB NA N6 N50 N5 N47 N4 N3 N2 N15 N1
G11535IB,NC NB NA N6 N5 N4 N2 N11 N1
G11635LG,NC NB NA N9 N6 N5 N4 N37 N36 N3 N2 N10 N1
G11637WL,NC NB NA N4 N3 N20 N2 N19 N15 N1
G11671GQ,NC NB NA N8 N7 N6 N5 N4 N34 N3 N2 N15 N1
G11696PX,NC NB NA N8 N7 N6 N5 N42 N4 N3 N2 N18 N15 N12 N1
G11700UP,NC NB NA N9 N8 N7 N6 N5 N4 N3 N2 N18 N10 N1
G11929SN,NC NB NA N8 N7 N6 N50 N5 N4 N39 N3 N2 N15 N1
G11960UF,NC NB NA N5 N4 N30 N29 N2 N1
G11994QC,NC NB NA N7 N4 N15 N1
G12061IK,NC NB NA N9 N7 N5 N4 N29 N2 N15 N1
G12110NN,NC NB NA N7 N4 N29 N20 N2 N19 N1
G12222NC,NC NB NA N8 N7 N6 N5 N4 N3 N2 N16 N1
G12398HZ,NC NB NA N4 N3 N2 N15 N1
G12438DW,NC NB NA N68 N67 N66 N65 N60 N6 N59 N5 N4 N3 N2 N12 N1
G12524BD,NC NB NA N5 N41 N4 N30 N29 N2 N15 N1
G12593TX,NC NB NA N4 N2 N15 N1
G12594VB,NC NB NA N9 N8 N7 N6 N5 N48 N4 N35 N3 N2 N17 N16 N15 N10 N1
G12715AH,NC NB NA N6 N5 N4 N16 N1
G12878NK,NC NB NA N9 N74 N5 N4 N29 N2 N1
G13074BX,NC NB NA N9 N4 N15 N10 N1
G13113SB,NC NB NA N4 N22 N21 N19 N1
G13151XE,NC NB NA N4 N29 N20 N2 N19 N1
G13156PQ,NC NB NA N6 N5 N42 N4 N3 N2 N17 N15 N1
G13210XL,NC NB NA N9 N8 N7 N6 N5 N4 N35 N34 N3 N2 N17 N15 N13 N10 N1
G13267ZY,NC NB NA N7 N5 N4 N3 N2 N12 N1
G13282WA,NC NB NA N9 N8 N7 N60 N6 N59 N5 N4 N38 N34 N3 N2 N17 N15 N10 N1
G13291XJ,NC NB NA N9 N6 N5 N4 N35 N3 N2 N17 N16 N10 N1
G13441KG,NC NB NA N9 N6 N53 N5 N4 N3 N2 N15 N10 N1
G13495RN,NC NB NA N8 N7 N6 N5 N4 N34 N3 N2 N17 N15 N13 N1
G13515ZY,NC NB NA N9 N7 N5 N4 N30 N29 N2 N15 N1
G13537KO,NC NB NA N60 N6 N59 N5 N42 N4 N3 N2 N1
G13583BZ,NC NB NA N8 N7 N5 N4 N3 N2 N15 N1
G13592VY,NC NB NA N52 N4 N3 N2 N1
G13614FV,NC NB NA N4 N21 N19 N1
G13659RH,NC NB NA N9 N86 N78 N73 N5 N44 N4 N2 N15 N105 N101 N1
G13672YG,NC NB NA N6 N53 N5 N4 N3 N2 N15 N11 N1
G13744OG,NC NB NA N9 N80 N8 N75 N7 N6 N5 N4 N37 N36 N3 N2 N10 N1
G13836YR,NC NB NA N9 N74 N5 N4 N30 N29 N2 N1
G13968YX,NC NB NA N5 N4 N30 N29 N2 N1
G14015IL,NC NB NA N9 N8 N7 N6 N5 N4 N37 N36 N3 N2 N15 N10 N1
G14047PA,NC NB NA N6 N5 N4 N3 N2 N16 N12 N1
G14127XU,NC NB NA N6 N5 N4 N3 N2 N15 N13 N12 N11 N1
G14190WK,NC NB NA N4 N15 N11 N1
G14233VW,NC NB NA N9 N8 N7 N61 N60 N6 N59 N5 N4 N38 N34 N3 N2 N17 N15 N10 N1
G14358WN,NC NB NA N4 N29 N2 N15 N1
G14393TF,NC NB NA N9 N8 N7 N6 N5 N4 N38 N34 N3 N2 N13 N12 N10 N1
G14438ZT,NC NB NA N9 N6 N5 N4 N38 N3 N2 N13 N12 N10 N1
G14492PU,NC NB NA N72 N7 N52 N4 N3 N2 N1
G14520ZO,NC NB NA N9 N8 N7 N6 N52 N51 N50 N5 N4 N39 N3 N2 N15 N10 N1
G14576KZ,NC NB NA N4 N2 N15 N1
G14782PJ,NC NB NA N9 N8 N7 N6 N5 N4 N3 N2 N14 N12 N10 N1
G14809NR,NC NB NA N4 N2 N15 N11 N1
G14854WL,NC NB NA N6 N5 N4 N3 N2 N13 N12 N11 N1
G14996IQ,NC NB NA N4 N3 N2 N17 N1
G14998UC,NC NB NA N6 N5 N4 N3 N2 N16 N12 N11 N1
G15571KX,NC NB NA N9 N6 N5 N4 N38 N3 N2 N16 N15 N11 N10 N1
G15828WB,NC NB NA N9 N8 N7 N6 N5 N42 N4 N3 N2 N18 N10 N1
G15998WM,NC NB NA N9 N8 N7 N6 N5 N4 N35 N3 N2 N14 N13 N12 N10 N1
G16119YF,NC NB NA N4 N15 N1
G16122GW,NC NB NA N4 N29 N20 N2 N19 N15 N1
G16150CJ,NC NB NA N8 N7 N6 N5 N4 N34 N3 N2 N16 N15 N1
G16155TD,NC NB NA N8 N7 N6 N5 N4 N34 N3 N2 N17 N1
G16344ZG,NC NB NA N6 N5 N4 N3 N2 N15 N12 N1
G16397GM,NC NB NA N6 N5 N4 N3 N2 N16 N15 N12 N11 N1
G16403CC,NC NB NA N9 N61 N60 N6 N59 N58 N5 N4 N37 N36 N3 N2 N17 N15 N10 N1
G16441MS,NC NB NA N6 N54 N5 N42 N41 N4 N3 N2 N15 N1
G16481GK,NC NB NA N9 N8 N7 N60 N6 N59 N5 N4 N37 N36 N3 N2 N15 N10 N1
G16523AO,NC NB NA N9 N5 N4 N29 N2 N1
G16529MG,NC NB NA N9 N6 N5 N4 N38 N3 N2 N16 N15 N10 N1
G16546ZZ,NC NB NA N97 N6 N53 N5 N4 N3 N2 N15 N11 N1
G16600BL,NC NB NA N9 N8 N7 N6 N5 N43 N42 N4 N3 N2 N18 N15 N12 N10 N1
G16679DU,NC NB NA N9 N8 N7 N6 N5 N44 N4 N2 N15 N10 N1
G16733YD,NC NB NA N7 N5 N4 N30 N29 N2 N1
G16743OM,NC NB NA N9 N8 N7 N6 N5 N4 N38 N34 N3 N2 N17 N16 N15 N11 N10 N1
G16759KR,NC NB NA N5 N4 N3 N2 N17 N1
G16774YZ,NC NB NA N9 N8 N7 N6 N5 N4 N38 N34 N3 N2 N16 N15 N12 N10 N1
G16778ZK,NC NB NA N8 N7 N6 N5 N4 N32 N31 N3 N2 N15 N13 N12 N11 N1
G16828VN,NC NB NA N4 N3 N20 N2 N19 N1
G16873YG,NC NB NA N9 N8 N7 N6 N58 N5 N4 N37 N36 N3 N2 N16 N15 N10 N1
G17153CQ,NC NB NA N8 N7 N6 N56 N5 N4 N3 N2 N130 N1
G17155VX,NC NB NA N9 N8 N7 N6 N5 N4 N34 N3 N2 N16 N15 N10 N1
G17164DX,NC NB NA N6 N5 N46 N4 N32 N31 N3 N2 N1
G17168RO,NC NB NA N9 N6 N5 N4 N38 N3 N2 N13 N12 N10 N1
G17172ZR,NC NB NA N69 N6 N5 N4 N29 N2 N16 N11 N1
G17213JF,NC NB NA N8 N7 N4 N3 N20 N2 N19 N1
G17264LS,NC NB NA N4 N3 N20 N2 N19 N11 N1
G17413FR,NC NB NA N6 N5 N4 N3 N2 N15 N13 N12 N1
G17441MI,NC NB NA N9 N6 N5 N4 N38 N3 N2 N17 N16 N10 N1
G17473NR,NC NB NA N6 N5 N4 N3 N2 N17 N16 N15 N11 N1
G17540HT,NC NB NA N6 N5 N4 N3 N2 N16 N15 N1
G17689DH,NC NB NA N6 N5 N4 N3 N2 N17 N16 N15 N1
G17820VB,NC NB NA N9 N6 N5 N4 N2 N10 N1
G17848HM,NC NB NA N6 N5 N4 N2 N15 N13 N11 N1
G17857ZF,NC NB NA N8 N7 N6 N5 N4 N3 N2 N17 N14 N13 N1
G17875TE,NC NB NA N7 N4 N1
G17964DY,NC NB NA N9 N8 N7 N69 N6 N5 N4 N38 N34 N29 N2 N16 N15 N10 N1
G17964XN,NC NB NA N69 N6 N5 N4 N29 N2 N16 N15 N1
G17968CJ,NC NB NA N9 N8 N7 N5 N4 N30 N29 N2 N15 N10 N1
G17977UE,NC NB NA N6 N5 N42 N4 N15 N1
G17996ZO,NC NB NA N5 N42 N41 N4 N30 N29 N2 N15 N1
G18026EK,NC NB NA N8 N7 N5 N4 N3 N2 N15 N11 N1
G18160VJ,NC NB NA N8 N7 N4 N15 N1
G18165XJ,NC NB NA N9 N8 N7 N4 N10 N1
G18196JE,NC NB NA N9 N8 N7 N6 N52 N51 N50 N5 N4 N39 N3 N2 N15 N10 N1
G18219CJ,NC NB NA N6 N53 N5 N4 N3 N2 N15 N1
G18223CA,NC NB NA N8 N7 N6 N5 N4 N34 N3 N2 N15 N13 N12 N1
G18410AS,NC NB NA N4 N20 N19 N15 N1
G18584GW,NC NB NA N9 N6 N5 N4 N35 N3 N2 N17 N15 N13 N10 N1
G18768EK,NC NB NA N9 N78 N6 N5 N4 N3 N2 N1
G18869TR,NC NB NA N7 N52 N5 N4 N3 N2 N1
G18913QB,NC NB NA N9 N8 N7 N6 N5 N4 N38 N3 N2 N14 N13 N12 N10 N1
G18938DW,NC NB NA N9 N8 N7 N6 N5 N4 N3 N2 N10 N1
G18948TG,NC NB NA N4 N26 N25 N24 N23 N22 N21 N20 N19 N1
G19019TY,NC NB NA N72 N7 N5 N4 N30 N29 N2 N1
G19104OH,NC NB NA N9 N6 N5 N4 N35 N3 N2 N17 N13 N10 N1
G19106CR,NC NB NA N4 N29 N2 N1
G19242QH,NC NB NA N4 N3 N24 N2 N19 N12 N1
G19243TV,NC NB NA N8 N7 N6 N5 N4 N3 N2 N18 N130 N13 N12 N1
G19287UY,NC NB NA N6 N54 N53 N5 N4 N3 N2 N15 N1
G19310VN,NC NB NA N9 N7 N6 N5 N4 N2 N1
G19444JC,NC NB NA N8 N7 N6 N5 N4 N3 N2 N15 N14 N13 N12 N1
G19447ZX,NC NB NA N6 N5 N4 N2 N15 N13 N1
G19469VZ,NC NB NA N9 N8 N7 N6 N5 N4 N38 N3 N2 N17 N16 N15 N10 N1
G19541IU,NC NB NA N9 N8 N7 N6 N58 N5 N4 N37 N36 N34 N3 N2 N17 N16 N15 N10 N1
G19607EP,NC NB NA N9 N8 N7 N6 N5 N4 N38 N34 N3 N2 N16 N12 N10 N1
G19615BB,NC NB NA N6 N54 N53 N50 N5 N4 N3 N2 N15 N1
G19687OL,NC NB NA N77 N76 N66 N65 N63 N62 N60 N6 N59 N5 N4 N3 N2 N1
G19726AG,NC NB NA N8 N7 N6 N5 N4 N3 N2 N15 N12 N1
G19747OA,NC NB NA N4 N21 N20 N19 N1
G19841IT,NC NB NA N4 N20 N2 N19 N15 N1
G19958IL,NC NB NA N4 N25 N24 N23 N22 N21 N20 N19 N1
G20030CU,NC NB NA N9 N7 N5 N4 N2 N1
G20079RG,NC NB NA N5 N4 N3 N2 N15 N11 N1
G20096RP,NC NB NA N6 N5 N4 N3 N2 N15 N13 N11 N1
G20170YB,NC NB NA N9 N74 N6 N5 N4 N29 N2 N15 N1
G20173ZW,NC NB NA N4 N29 N20 N2 N19 N1
G20174ZL,NC NB NA N4 N23 N20 N19 N1
G20284VH,NC NB NA N6 N5 N42 N4 N3 N2 N17 N15 N1
G20544CY,NC NB NA N9 N8 N78 N7 N60 N6 N59 N5 N4 N3 N2 N1
G20624LQ,NC NB NA N4 N1
G20636FS,NC NB NA N9 N8 N7 N6 N5 N4 N38 N34 N3 N2 N17 N13 N10 N1
G20662UG,NC NB NA N9 N8 N7 N6 N5 N4 N38 N3 N2 N17 N14 N13 N10 N1
G20692QU,NC NB NA N83 N60 N6 N59 N52 N5 N4 N3 N2 N15 N1
G20758LC,NC NB NA N9 N8 N7 N61 N60 N6 N59 N58 N5 N4 N37 N36 N3 N2 N17 N15 N10 N1
G20815TK,NC NB NA N7 N6 N5 N4 N3 N28 N2 N1
G20877ZV,NC NB NA N9 N8 N7 N6 N5 N4 N35 N34 N3 N2 N17 N15 N13 N10 N1
G20894MY,NC NB NA N9 N6 N5 N4 N10 N1
G20926BB,NC NB NA N9 N6 N5 N4 N35 N3 N2 N12 N10 N1
G20956ZK,NC NB NA N4 N29 N2 N15 N1
G20966TZ,NC NB NA N4 N20 N2 N19 N11 N1
G20983SP,NC NB NA N9 N8 N7 N6 N5 N4 N38 N34 N3 N2 N17 N16 N15 N11 N10 N1
G21005TQ,NC NB NA N4 N3 N2 N17 N1
G21050RT,NC NB NA N9 N8 N71 N7 N6 N54 N53 N50 N5 N4 N39 N3 N2 N152 N15 N10 N1
G21246OH,NC NB NA N9 N7 N5 N4 N2 N15 N10 N1
G21256CQ,NC NB NA N5 N4 N29 N2 N1
G21311YA,NC NB NA N6 N5 N49 N4 N3 N2 N15 N12 N1
G21319HP,NC NB NA N9 N8 N7 N6 N5 N43 N4 N3 N2 N12 N10 N1
G21359NQ,NC NB NA N7 N5 N41 N4 N3 N2 N15 N1
G21380FF,NC NB NA N6 N5 N42 N41 N4 N3 N2 N11 N1
G21454AE,NC NB NA N8 N7 N6 N5 N4 N34 N3 N2 N15 N12 N1
G21459ST,NC NB NA N6 N5 N46 N4 N32 N31 N3 N2 N17 N16 N15 N1
G21737WY,NC NB NA N9 N8 N7 N6 N5 N4 N38 N34 N3 N2 N18 N17 N16 N15 N10 N1
G21756MV,NC NB NA N9 N6 N5 N4 N35 N3 N2 N17 N15 N13 N10 N1
G22079SE,NC NB NA N9 N8 N7 N6 N5 N48 N47 N4 N3 N2 N10 N1
G22098NU,NC NB NA N5 N42 N4 N3 N2 N15 N11 N1
G22117HL,NC NB NA N6 N53 N5 N41 N4 N3 N2 N15 N1
G22246QW,NC NB NA N9 N74 N7 N5 N4 N30 N29 N2 N15 N1
G22330AF,NC NB NA N4 N2 N15 N11 N1
G22550VJ,NC NB NA N5 N44 N4 N2 N15 N135 N1
G22558JP,NC NB NA N8 N7 N6 N5 N42 N41 N4 N3 N2 N18 N11 N1
G22728HO,NC NB NA N9 N8 N7 N6 N5 N4 N35 N3 N2 N13 N10 N1
G22768VO,NC NB NA N4 N1
G22836DF,NC NB NA N6 N5 N4 N3 N2 N17 N15 N13 N1
G22865RK,NC NB NA N62 N6 N59 N5 N4 N3 N2 N15 N1
G22898PA,NC NB NA N8 N7 N6 N5 N42 N4 N18 N15 N1
G22914HB,NC NB NA N4 N26 N25 N22 N21 N1
G22927MQ,NC NB NA N96 N9 N74 N6 N5 N4 N3 N2 N17 N16 N15 N1
G22979QH,NC NB NA N7 N6 N5 N4 N3 N28 N2 N15 N1
G23166NU,NC NB NA N9 N63 N62 N60 N6 N59 N5 N4 N37 N36 N3 N2 N10 N1
G23295TF,NC NB NA N6 N5 N4 N2 N15 N13 N1
G23296IL,NC NB NA N6 N5 N46 N4 N32 N31 N3 N2 N17 N13 N1
G23340ZN,NC NB NA N6 N54 N5 N4 N3 N2 N17 N104 N1
G23345GE,NC NB NA N8 N7 N6 N5 N4 N3 N2 N16 N15 N12 N1
G23416CI,NC NB NA N69 N6 N5 N4 N29 N2 N15 N1
G23419AQ,NC NB NA N81 N7 N5 N4 N28 N2 N15 N11 N1
G23484GM,NC NB NA N9 N8 N7 N6 N5 N4 N29 N2 N15 N10 N1
G23546LY,NC NB NA N63 N62 N6 N5 N4 N3 N2 N15 N1
G23577TY,NC NB NA N68 N67 N66 N65 N63 N62 N60 N6 N59 N5 N4 N3 N2 N113 N112 N111 N110 N11 N100 N1
G23616ZX,NC NB NA N8 N7 N6 N5 N4 N34 N3 N2 N16 N12 N1
G23626NI,NC NB NA N5 N42 N4 N30 N29 N2 N15 N1
G23722TU,NC NB NA N8 N7 N6 N5 N4 N3 N2 N17 N15 N14 N13 N1
G23817OE,NC NB NA N6 N50 N5 N4 N2 N1
G23824AT,NC NB NA N6 N54 N50 N5 N4 N3 N2 N1
G23901NY,NC NB NA N6 N54 N5 N4 N3 N2 N11 N1
G23949TZ,NC NB NA N4 N25 N23 N22 N21 N20 N19 N1
G23980PE,NC NB NA N5 N4 N3 N2 N11 N1
G24095BS,NC NB NA N86 N5 N44 N4 N2 N15 N119 N118 N1
G24122ZI,NC NB NA N9 N8 N7 N6 N5 N4 N38 N3 N2 N16 N15 N109 N108 N10 N1
G24125FE,NC NB NA N9 N8 N7 N6 N5 N4 N38 N34 N3 N2 N18 N17 N16 N15 N10 N1
G24155DW,NC NB NA N9 N80 N8 N75 N7 N62 N6 N5 N4 N37 N36 N3 N2 N15 N10 N1
G24284KU,NC NB NA N9 N8 N7 N6 N5 N4 N35 N3 N2 N14 N13 N12 N10 N1
G24329OK,NC NB NA N9 N6 N5 N4 N15 N10 N1
G24366XJ,NC NB NA N8 N7 N5 N4 N29 N2 N15 N1
G24402OX,NC NB NA N9 N8 N7 N6 N5 N4 N37 N36 N3 N2 N10 N1
G24413UY,NC NB NA N6 N5 N4 N29 N2 N16 N1
G24420RT,NC NB NA N7 N4 N3 N2 N1
G24585JV,NC NB NA N5 N4 N3 N2 N12 N1
G24599MW,NC NB NA N4 N22 N21 N1
G24604HV,NC NB NA N8 N7 N6 N5 N4 N3 N2 N1
G24620AI,NC NB NA N4 N25 N24 N23 N22 N21 N20 N19 N1
G24668UI,NC NB NA N41 N4 N3 N2 N15 N1
G24705DL,NC NB NA N9 N6 N5 N4 N38 N3 N2 N17 N10 N1
G24748QU,NC NB NA N63 N62 N6 N5 N4 N3 N2 N1
G24769QK,NC NB NA N4 N27 N26 N25 N22 N21 N20 N19 N1
G24811FP,NC NB NA N6 N5 N49 N4 N2 N15 N1
G24812WY,NC NB NA N6 N5 N4 N29 N2 N15 N13 N1
G24816DA,NC NB NA N9 N8 N7 N6 N5 N4 N38 N34 N3 N2 N16 N15 N10 N1
G24870CO,NC NB NA N9 N7 N5 N4 N30 N29 N2 N15 N1
G24920KE,NC NB NA N8 N7 N6 N5 N4 N3 N2 N17 N15 N130 N1
G24954RW,NC NB NA N6 N5 N4 N29 N2 N15 N1
G25097RR,NC NB NA N8 N7 N6 N5 N42 N41 N4 N3 N2 N18 N15 N1
G25140TA,NC NB NA N6 N5 N4 N3 N2 N12 N11 N1
G25326BM,NC NB NA N6 N50 N5 N4 N2 N1
G25350TT,NC NB NA N8 N7 N5 N4 N30 N29 N2 N15 N1
G25392ZR,NC NB NA N9 N8 N7 N64 N63 N62 N61 N60 N6 N59 N58 N5 N4 N37 N36 N34 N3 N2 N15 N10 N1
G25407RZ,NC NB NA N6 N5 N42 N41 N4 N3 N2 N1
G25423CA,NC NB NA N6 N5 N4 N29 N2 N16 N15 N1
G25460BQ,NC NB NA N8 N7 N6 N5 N4 N3 N2 N16 N15 N12 N1
G25471TG,NC NB NA N9 N8 N7 N6 N5 N4 N35 N34 N3 N2 N16 N12 N10 N1
G25497SH,NC NB NA N7 N6 N50 N5 N4 N2 N1
G25505UF,NC NB NA N9 N6 N5 N4 N35 N3 N2 N13 N12 N10 N1
G25520XG,NC NB NA N6 N5 N4 N3 N2 N15 N11 N1
G25731WL,NC NB NA N9 N8 N7 N6 N5 N4 N38 N34 N3 N2 N17 N13 N10 N1
G25835MT,NC NB NA N69 N6 N5 N4 N29 N2 N1
G25902AL,NC NB NA N9 N6 N5 N4 N38 N3 N2 N17 N16 N15 N10 N1
G26018HD,NC NB NA N9 N7 N5 N4 N3 N2 N15 N10 N1
G26068PU,NC NB NA N9 N8 N7 N6 N5 N4 N38 N3 N2 N16 N15 N108 N10 N1
G26182BM,NC NB NA N7 N4 N2 N15 N1
G26264SQ,NC NB NA N86 N73 N5 N44 N4 N2 N15 N101 N1
G26275JI,NC NB NA N7 N5 N4 N2 N15 N11 N1
G26298FT,NC NB NA N97 N6 N54 N53 N5 N4 N3 N2 N104 N1
G26394UA,NC NB NA N6 N54 N50 N5 N4 N3 N2 N15 N1
G26534TO,NC NB NA N4 N25 N22 N21 N1
G26629TM,NC NB NA N4 N20 N19 N15 N1
G26877ST,NC NB NA N8 N7 N6 N5 N4 N14 N13 N1
G26881SV,NC NB NA N9 N8 N7 N5 N4 N30 N29 N2 N10 N1
G26935KA,NC NB NA N9 N8 N7 N6 N5 N4 N38 N3 N2 N16 N15 N10 N1
G26949IX,NC NB NA N6 N50 N5 N4 N3 N2 N15 N1
G27040MJ,NC NB NA N97 N6 N53 N5 N4 N3 N2 N15 N1
G27067YD,NC NB NA N82 N8 N7 N6 N5 N4 N34 N3 N2 N15 N1
G27170BX,NC NB NA N6 N5 N4 N3 N2 N16 N1
G27188NC,NC NB NA N41 N4 N2 N15 N1
G27273FD,NC NB NA N9 N8 N7 N6 N5 N4 N35 N3 N2 N17 N14 N13 N10 N1
G27389SR,NC NB NA N4 N20 N15 N1
G27432KC,NC NB NA N86 N5 N44 N4 N2 N117 N116 N103 N102 N1
G27461ST,NC NB NA N5 N4 N15 N11 N1
G27669RW,NC NB NA N7 N5 N4 N30 N29 N2 N15 N1
G27776PG,NC NB NA N41 N4 N29 N2 N15 N1
G27844UM,NC NB NA N9 N8 N7 N61 N60 N6 N59 N5 N4 N38 N34 N3 N2 N17 N15 N10 N1
G27874QL,NC NB NA N9 N6 N5 N4 N10 N1
G27919IH,NC NB NA N6 N5 N4 N2 N15 N1
G27929ZE,NC NB NA N4 N26 N25 N22 N21 N1
G27946NT,NC NB NA N7 N52 N4 N3 N2 N1
G27983PC,NC NB NA N6 N5 N4 N29 N2 N16 N15 N1
G28298VW,NC NB NA N9 N8 N7 N6 N5 N4 N29 N2 N10 N1
G28330DZ,NC NB NA N8 N7 N6 N5 N4 N34 N3 N2 N16 N12 N1
G28436VD,NC NB NA N8 N7 N6 N5 N42 N4 N3 N2 N15 N1
G28459KM,NC NB NA N9 N6 N5 N4 N35 N3 N2 N13 N12 N10 N1
G28550OD,NC NB NA N41 N4 N3 N2 N15 N1
G28659UB,NC NB NA N8 N7 N6 N5 N4 N3 N2 N11 N1
G28663KH,NC NB NA N6 N5 N4 N1
G28723UT,NC NB NA N97 N6 N53 N5 N4 N3 N2 N1
G28747XN,NC NB NA N6 N5 N4 N3 N2 N16 N15 N12 N1
G28896CL,NC NB NA N8 N7 N6 N5 N42 N4 N18 N15 N1
G28948UC,NC NB NA N7 N6 N5 N4 N3 N28 N2 N15 N1
G28959FS,NC NB NA N5 N4 N3 N2 N15 N12 N1
G28962GO,NC NB NA N6 N5 N49 N47 N4 N3 N2 N15 N1
G29011JC,NC NB NA N7 N5 N4 N2 N1
G29024OJ,NC NB NA N6 N5 N4 N2 N15 N1
G29109PM,NC NB NA N60 N6 N59 N5 N4 N3 N2 N1
G29159BL,NC NB NA N47 N4 N3 N2 N15 N1
G29377XJ,NC NB NA N9 N74 N5 N4 N30 N29 N2 N15 N1
G29434RB,NC NB NA N7 N5 N4 N29 N2 N1
G29445ZK,NC NB NA N8 N7 N60 N6 N59 N5 N4 N3 N2 N1
G29449JO,NC NB NA N9 N6 N51 N5 N4 N3 N2 N15 N10 N1
G29461HI,NC NB NA N6 N5 N47 N4 N3 N2 N15 N1
G29574TI,NC NB NA N9 N8 N7 N5 N4 N30 N29 N2 N10 N1
G29676WX,NC NB NA N5 N4 N30 N29 N2 N15 N1
G29695SR,NC NB NA N63 N62 N6 N5 N42 N4 N3 N2 N15 N1
G29764SO,NC NB NA N6 N5 N46 N4 N32 N31 N3 N2 N13 N12 N1
G29797YX,NC NB NA N8 N7 N6 N5 N44 N4 N2 N15 N1
G29850BY,NC NB NA N9 N8 N7 N6 N52 N51 N50 N5 N4 N39 N3 N2 N15 N10 N1
G29857RC,NC NB NA N8 N7 N6 N5 N4 N3 N2 N1
G29884LW,NC NB NA N6 N5 N4 N3 N2 N15 N13 N11 N1
G29905OR,NC NB NA N7 N4 N1
G30085SO,NC NB NA N9 N81 N7 N5 N4 N28 N2 N15 N11 N1
G30109UP,NC NB NA N6 N5 N4 N15 N13 N1
G30140II,NC NB NA N4 N25 N24 N22 N21 N20 N19 N1
G30159WR,NC NB NA N5 N4 N2 N15 N11 N1
G30302VM,NC NB NA N6 N5 N47 N4 N3 N2 N15 N1
G30303UZ,NC NB NA N5 N4 N30 N29 N2 N15 N1
G30309QX,NC NB NA N5 N4 N3 N2 N15 N11 N1
G30460NZ,NC NB NA N6 N5 N4 N3 N2 N16 N15 N1
G30483FB,NC NB NA N83 N60 N6 N59 N5 N4 N3 N2 N15 N1
G30529FG,NC NB NA N6 N5 N4 N32 N31 N3 N2 N1
G30542PN,NC NB NA N69 N5 N42 N4 N30 N29 N2 N15 N1
G30651IU,NC NB NA N8 N7 N6 N5 N4 N3 N2 N18 N15 N1
G30857WQ,NC NB NA N8 N7 N5 N4 N30 N29 N2 N15 N1
G30901GC,NC NB NA N6 N5 N44 N4 N2 N1
G30915AU,NC NB NA N5 N4 N11 N1
G31019WF,NC NB NA N8 N7 N4 N39 N3 N2 N15 N12 N1
G31032XG,NC NB NA N9 N8 N7 N6 N5 N4 N38 N3 N2 N17 N15 N14 N13 N10 N1
G31037WG,NC NB NA N9 N8 N7 N6 N5 N4 N38 N3 N2 N17 N16 N15 N14 N10 N1
G31186LT,NC NB NA N9 N8 N74 N7 N5 N4 N30 N29 N2 N1
G31341PC,NC NB NA N8 N7 N6 N5 N4 N34 N3 N2 N15 N12 N1
G31429YW,NC NB NA N4 N24 N23 N21 N20 N19 N1
G31515BE,NC NB NA N9 N74 N6 N5 N4 N29 N2 N1
G31532GK,NC NB NA N82 N8 N7 N6 N5 N4 N34 N3 N2 N16 N15 N108 N1
G31540AF,NC NB NA N9 N6 N58 N5 N4 N37 N36 N3 N2 N17 N16 N15 N10 N1
G31559RO,NC NB NA N9 N61 N60 N6 N59 N5 N4 N38 N3 N2 N17 N15 N10 N1
G31587OK,NC NB NA N9 N6 N53 N5 N4 N3 N2 N10 N1
G31606TH,NC NB NA N9 N8 N7 N6 N5 N4 N38 N3 N2 N17 N16 N15 N14 N10 N1
G31822CM,NC NB NA N9 N85 N84 N8 N78 N7 N6 N5 N4 N3 N2 N1
G31865AG,NC NB NA N6 N5 N4 N13 N1
G31991IV,NC NB NA N9 N8 N7 N60 N6 N59 N5 N4 N3 N2 N15 N10 N1
G31993QW,NC NB NA N4 N3 N20 N2 N19 N15 N1
G32156ZV,NC NB NA N4 N19 N15 N1
G32201IL,NC NB NA N9 N7 N6 N5 N4 N2 N1
G32241HI,NC NB NA N7 N6 N5 N4 N2 N1
G32283ZK,NC NB NA N7 N4 N29 N2 N15 N1
G32305RZ,NC NB NA N7 N5 N4 N3 N2 N15 N1
G32364DF,NC NB NA N8 N7 N6 N5 N4 N3 N2 N17 N14 N13 N1
G32375YW,NC NB NA N4 N29 N2 N1
G32461GF,NC NB NA N9 N8 N7 N6 N56 N5 N4 N38 N34 N3 N2 N16 N15 N10 N1
G32510IZ,NC NB NA N8 N7 N6 N5 N4 N34 N3 N2 N17 N15 N1
G32592IB,NC NB NA N8 N7 N6 N5 N4 N39 N3 N2 N17 N16 N15 N1
G32659RY,NC NB NA N6 N5 N4 N29 N2 N16 N15 N1
G32704TW,NC NB NA N52 N4 N3 N2 N15 N1
G32746QI,NC NB NA N9 N8 N7 N6 N5 N4 N3 N2 N18 N10 N1
G32829EU,NC NB NA N9 N8 N7 N6 N5 N4 N38 N3 N2 N17 N16 N10 N1
G33019PZ,NC NB NA N9 N8 N7 N6 N5 N4 N38 N3 N2 N17 N16 N15 N14 N10 N1
G33150PJ,NC NB NA N8 N7 N6 N5 N4 N34 N3 N2 N17 N16 N15 N11 N1
G33241WC,NC NB NA N8 N7 N6 N5 N4 N34 N3 N2 N15 N13 N12 N1
G33262KR,NC NB NA N47 N4 N3 N20 N2 N19 N15 N11 N1
G33262YZ,NC NB NA N6 N53 N5 N4 N3 N2 N11 N1
G33370EK,NC NB NA N8 N7 N6 N5 N42 N41 N4 N3 N2 N18 N15 N1
G33522ME,NC NB NA N9 N7 N5 N4 N29 N2 N15 N1
G33608TH,NC NB NA N99 N60 N6 N59 N5 N4 N3 N2 N15 N12 N1
G33685ZQ,NC NB NA N6 N5 N4 N3 N2 N17 N15 N1
G33721WT,NC NB NA N5 N4 N29 N2 N1
G33734YD,NC NB NA N8 N7 N4 N15 N1
G33742YO,NC NB NA N7 N5 N4 N28 N2 N1
G33788DD,NC NB NA N9 N8 N7 N6 N5 N4 N38 N3 N2 N15 N109 N10 N1
G33841EB,NC NB NA N8 N7 N6 N5 N4 N3 N2 N14 N12 N1
G33909XJ,NC NB NA N9 N74 N5 N4 N30 N29 N2 N1
G33981FE,NC NB NA N97 N6 N53 N5 N4 N3 N2 N15 N11 N1
G34276SS,NC NB NA N9 N80 N8 N75 N7 N60 N6 N59 N5 N4 N37 N36 N3 N2 N10 N1
G34442SS,NC NB NA N4 N20 N1
G34499SX,NC NB NA N4 N24 N20 N19 N1
G34508UC,NC NB NA N8 N7 N4 N34 N3 N2 N17 N15 N1
G34527RW,NC NB NA N7 N4 N2 N11 N1
G34595KJ,NC NB NA N9 N8 N7 N4 N15 N10 N1
G34650EM,NC NB NA N4 N21 N19 N1
G34821YB,NC NB NA N4 N27 N26 N25 N22 N21 N20 N19 N1
G34838RM,NC NB NA N9 N5 N4 N29 N2 N15 N1
G34875RO,NC NB NA N4 N29 N2 N15 N1
G34905OT,NC NB NA N9 N7 N5 N4 N30 N29 N2 N1
G34931KK,NC NB NA N8 N7 N6 N55 N5 N4 N34 N3 N2 N17 N15 N1
G34947FX,NC NB NA N7 N6 N52 N50 N5 N4 N3 N2 N1
G34972BB,NC NB NA N9 N6 N5 N4 N35 N3 N2 N17 N16 N15 N10 N1
G35096EN,NC NB NA N9 N7 N5 N4 N28 N2 N1
G35257SQ,NC NB NA N4 N21 N1
G35382VN,NC NB NA N63 N62 N60 N6 N59 N5 N4 N3 N2 N1
G35429JB,NC NB NA N5 N4 N29 N2 N1
G35455OM,NC NB NA N9 N7 N52 N5 N4 N3 N2 N15 N1
G35484EX,NC NB NA N9 N7 N6 N5 N4 N3 N28 N2 N15 N10 N1
G35565NM,NC NB NA N9 N8 N7 N6 N5 N42 N4 N3 N2 N12 N10 N1
G35599NO,NC NB NA N4 N3 N2 N19 N17 N15 N1
G35619UY,NC NB NA N4 N11 N1
G35692YN,NC NB NA N40 N4 N3 N2 N15 N1
G35722YG,NC NB NA N6 N5 N4 N3 N2 N17 N13 N1
G35732LD,NC NB NA N4 N25 N22 N21 N20 N19 N1
G35747ZX,NC NB NA N6 N54 N53 N5 N41 N4 N3 N2 N15 N1
G35837ET,NC NB NA N9 N6 N5 N43 N4 N3 N2 N10 N1
G35888BV,NC NB NA N8 N7 N4 N3 N2 N17 N15 N130 N1
G36004BS,NC NB NA N40 N4 N3 N2 N15 N1
G36042WR,NC NB NA N9 N8 N7 N69 N6 N5 N4 N38 N34 N29 N2 N16 N15 N10 N1
G36053YX,NC NB NA N9 N7 N6 N5 N4 N2 N10 N1
G36066DO,NC NB NA N7 N6 N50 N5 N4 N3 N2 N15 N12 N1
G36118RA,NC NB NA N6 N5 N4 N15 N1
G36171JA,NC NB NA N69 N6 N5 N4 N29 N2 N16 N15 N1
G36176RV,NC NB NA N6 N5 N47 N45 N4 N3 N2 N15 N1
G36191CD,NC NB NA N6 N5 N4 N3 N2 N1
G36211GH,NC NB NA N9 N8 N7 N6 N5 N43 N42 N4 N3 N2 N18 N15 N10 N1
G36218DJ,NC NB NA N5 N4 N3 N2 N12 N1
G36223VW,NC NB NA N9 N78 N73 N5 N44 N4 N2 N15 N105 N1
G36225RM,NC NB NA N99 N60 N6 N59 N5 N42 N4 N3 N2 N1
G36362BK,NC NB NA N9 N8 N7 N63 N62 N6 N5 N4 N3 N2 N15 N10 N1
G36519NW,NC NB NA N8 N7 N6 N5 N4 N34 N3 N2 N16 N1
G36521AS,NC NB NA N8 N7 N5 N4 N2 N18 N1
G36523TZ,NC NB NA N8 N7 N6 N5 N4 N3 N2 N18 N1
G36533LR,NC NB NA N8 N7 N6 N5 N4 N3 N2 N1
G36581MF,NC NB NA N97 N53 N5 N4 N3 N2 N15 N1
G36701GV,NC NB NA N6 N50 N5 N4 N3 N2 N17 N15 N1
G36727AR,NC NB NA N8 N7 N6 N5 N4 N3 N2 N13 N12 N1
G36859SD,NC NB NA N5 N4 N3 N2 N1
G36898CO,NC NB NA N9 N7 N5 N4 N29 N2 N1
G36909MR,NC NB NA N9 N8 N7 N6 N5 N4 N3 N2 N1
G36977EW,NC NB NA N6 N5 N4 N29 N2 N15 N1
G37022BP,NC NB NA N6 N56 N5 N4 N3 N2 N16 N15 N1
G37135JQ,NC NB NA N4 N24 N23 N20 N19 N1
G37140SO,NC NB NA N7 N5 N4 N31 N2 N11 N1
G37166HP,NC NB NA N4 N3 N20 N2 N19 N17 N15 N1
G37260FV,NC NB NA N6 N5 N45 N4 N3 N2 N15 N12 N1
G37276TY,NC NB NA N9 N74 N7 N5 N4 N30 N29 N2 N1
G37304XT,NC NB NA N8 N7 N6 N5 N4 N3 N2 N17 N16 N15 N14 N1
G37306TB,NC NB NA N9 N6 N5 N4 N38 N3 N2 N17 N15 N10 N1
G37476QB,NC NB NA N41 N4 N29 N2 N1
G37552GO,NC NB NA N9 N74 N6 N5 N4 N29 N2 N1
G37591JC,NC NB NA N6 N5 N4 N3 N2 N13 N1
G37597FW,NC NB NA N9 N7 N6 N5 N4 N3 N2 N15 N10 N1
G37601IJ,NC NB NA N9 N6 N5 N4 N1
G37745NY,NC NB NA N97 N53 N5 N41 N4 N3 N2 N15 N1
G37827FY,NC NB NA N53 N5 N4 N3 N2 N1
G37841NF,NC NB NA N4 N2 N19 N1
G37986HU,NC NB NA N4 N3 N2 N15 N12 N1
G38022PE,NC NB NA N8 N7 N6 N5 N4 N34 N3 N2 N15 N12 N1
G38047QV,NC NB NA N7 N4 N2 N11 N1
G38115KZ,NC NB NA N8 N7 N6 N5 N4 N29 N2 N1
G38121JC,NC NB NA N86 N5 N44 N4 N2 N103 N102 N1
G38208CY,NC NB NA N6 N52 N50 N5 N4 N3 N2 N15 N11 N1
G38217AM,NC NB NA N6 N5 N4 N29 N2 N16 N15 N1
G38249IZ,NC NB NA N6 N5 N4 N3 N2 N16 N15 N1
G38271CW,NC NB NA N41 N4 N3 N2 N15 N1
G38291RB,NC NB NA N9 N6 N50 N5 N4 N3 N2 N15 N10 N1
G38297TU,NC NB NA N4 N20 N2 N19 N1
G38362AS,NC NB NA N4 N3 N2 N17 N1
G38371WW,NC NB NA N69 N4 N29 N2 N15 N1
G38395YJ,NC NB NA N7 N6 N5 N4 N33 N3 N28 N2 N16 N12 N1
G38404PP,NC NB NA N6 N50 N5 N4 N2 N1
G38549YL,NC NB NA N6 N52 N50 N5 N4 N3 N2 N11 N1
G38638WU,NC NB NA N40 N4 N1
G38658JL,NC NB NA N8 N7 N6 N5 N4 N34 N3 N2 N17 N13 N1
G38753OV,NC NB NA N6 N5 N42 N4 N3 N2 N11 N1
G38955TH,NC NB NA N4 N3 N20 N2 N19 N17 N15 N11 N1
G38997JB,NC NB NA N99 N63 N62 N60 N6 N59 N5 N42 N41 N4 N3 N2 N15 N1
G39018CC,NC NB NA N9 N6 N5 N4 N35 N3 N2 N15 N13 N12 N10 N1
G39029JR,NC NB NA N8 N7 N5 N4 N2 N11 N1
G39062YR,NC NB NA N4 N3 N2 N15 N11 N1
G39089YD,NC NB NA N40 N4 N2 N1
G39213VZ,NC NB NA N5 N4 N2 N1
G39299DH,NC NB NA N6 N5 N46 N4 N32 N31 N3 N2 N17 N1
G39377DE,NC NB NA N86 N5 N44 N4 N2 N15 N101 N1
G39437XQ,NC NB NA N5 N4 N29 N2 N1
G39439UR,NC NB NA N73 N44 N4 N2 N15 N1
G39452ZZ,NC NB NA N9 N6 N5 N4 N3 N2 N15 N10 N1
G39531LA,NC NB NA N8 N7 N6 N5 N4 N3 N2 N14 N13 N12 N1
G39540XG,NC NB NA N69 N6 N5 N4 N29 N2 N16 N11 N1
G39567LQ,NC NB NA N9 N6 N5 N4 N38 N3 N2 N17 N16 N15 N10 N1
G39578OU,NC NB NA N4 N24 N23 N22 N21 N20 N19 N1
G39585RN,NC NB NA N9 N8 N7 N6 N5 N47 N4 N3 N2 N14 N10 N1
G39595CR,NC NB NA N8 N7 N6 N52 N50 N5 N4 N3 N2 N15 N1
G39601JQ,NC NB NA N77 N76 N63 N62 N6 N5 N4 N3 N2 N15 N1
G39602UU,NC NB NA N8 N7 N4 N1
G39764AC,NC NB NA N8 N7 N6 N5 N4 N14 N13 N1
G39794DN,NC NB NA N9 N7 N5 N4 N29 N2 N1
G39809FW,NC NB NA N9 N8 N7 N6 N5 N42 N4 N3 N2 N10 N1
G39813YP,NC NB NA N9 N6 N5 N4 N3 N2 N13 N12 N10 N1
G39893KL,NC NB NA N6 N5 N4 N15 N1
G39992DR,NC NB NA N6 N52 N50 N5 N4 N3 N2 N15 N1
G40027VO,NC NB NA N9 N8 N7 N6 N58 N5 N4 N37 N36 N34 N3 N2 N17 N15 N10 N1
G40065EM,NC NB NA N9 N8 N7 N6 N5 N4 N29 N2 N10 N1
G40142NX,NC NB NA N52 N5 N4 N30 N3 N2 N1
G40173TB,NC NB NA N6 N54 N53 N50 N5 N4 N3 N2 N15 N1
G40194MN,NC NB NA N9 N8 N7 N6 N5 N4 N38 N3 N2 N16 N15 N10 N1
G40198OD,NC NB NA N4 N22 N21 N20 N19 N1
G40200RC,NC NB NA N9 N4 N3 N2 N10 N1
G40268BC,NC NB NA N6 N5 N42 N41 N4 N3 N2 N15 N11 N1
G40289RO,NC NB NA N4 N20 N2 N19 N15 N11 N1
G40343KH,NC NB NA N9 N82 N8 N7 N6 N5 N4 N38 N34 N3 N2 N17 N16 N15 N109 N108 N107 N10 N1
G40358EZ,NC NB NA N9 N7 N5 N4 N2 N15 N11 N1
G40428GO,NC NB NA N9 N8 N7 N63 N62 N6 N5 N4 N3 N2 N15 N10 N1
G40482NA,NC NB NA N7 N6 N5 N4 N3 N28 N2 N15 N1
G40513EI,NC NB NA N9 N8 N7 N60 N6 N59 N5 N4 N38 N34 N3 N2 N17 N15 N10 N1
G40542QP,NC NB NA N8 N7 N6 N5 N4 N3 N2 N17 N16 N15 N14 N1
G40554DX,NC NB NA N82 N8 N7 N6 N5 N4 N34 N3 N2 N12 N1
G40670DJ,NC NB NA N9 N6 N5 N43 N42 N41 N4 N3 N2 N10 N1
G40702WU,NC NB NA N4 N23 N22 N21 N20 N19 N1
G40786FB,NC NB NA N5 N4 N30 N29 N2 N1
G40900UQ,NC NB NA N9 N5 N4 N1
G40906DZ,NC NB NA N9 N8 N7 N6 N5 N43 N4 N3 N2 N10 N1
G40909AN,NC NB NA N9 N8 N7 N6 N5 N4 N35 N3 N2 N16 N14 N12 N10 N1
G40915GX,NC NB NA N4 N19 N1
G41331JX,NC NB NA N6 N53 N5 N4 N3 N2 N15 N11 N1
G41455NO,NC NB NA N8 N7 N6 N5 N4 N3 N2 N16 N1
G41510DX,NC NB NA N4 N19 N1
G41576FY,NC NB NA N9 N6 N5 N4 N3 N2 N10 N1
G41708PN,NC NB NA N5 N4 N29 N2 N15 N1
G41711ZZ,NC NB NA N9 N8 N7 N6 N5 N4 N37 N36 N34 N3 N2 N17 N16 N15 N137 N10 N1
G41720HN,NC NB NA N40 N4 N2 N15 N1
G41800OU,NC NB NA N9 N8 N7 N6 N5 N4 N35 N3 N2 N17 N14 N13 N10 N1
G41811VQ,NC NB NA N8 N7 N6 N5 N42 N41 N4 N3 N2 N18 N1
G41817BL,NC NB NA N4 N3 N20 N2 N19 N11 N1
G41821MR,NC NB NA N6 N5 N42 N41 N4 N3 N2 N15 N1
G41824PC,NC NB NA N4 N27 N26 N25 N22 N21 N1
G41865ZJ,NC NB NA N6 N5 N4 N3 N2 N13 N12 N11 N1
G41937ED,NC NB NA N4 N3 N20 N2 N19 N15 N12 N11 N1
G41953RN,NC NB NA N7 N6 N5 N4 N33 N3 N28 N2 N13 N12 N1
G41981MA,NC NB NA N82 N8 N7 N6 N5 N4 N34 N3 N2 N15 N12 N1
G42110JE,NC NB NA N7 N52 N5 N41 N4 N3 N2 N15 N1
G42295MA,NC NB NA N6 N5 N4 N3 N2 N15 N12 N11 N1
G42322YV,NC NB NA N9 N8 N7 N6 N5 N49 N4 N3 N2 N14 N12 N10 N1
G42380GI,NC NB NA N9 N8 N7 N6 N5 N4 N38 N34 N3 N2 N17 N16 N10 N1
G42504VW,NC NB NA N99 N60 N6 N59 N5 N42 N4 N3 N2 N15 N12 N1
G42525DE,NC NB NA N5 N4 N30 N29 N2 N1
G42552PM,NC NB NA N4 N21 N1
G42600SB,NC NB NA N9 N6 N5 N4 N38 N3 N2 N17 N16 N10 N1
G42672MA,NC NB NA N7 N4 N3 N2 N15 N1
G42674LI,NC NB NA N4 N24 N22 N21 N20 N19 N1
G42679AH,NC NB NA N7 N5 N4 N1
G42680EX,NC NB NA N4 N2 N1
G42686NQ,NC NB NA N8 N7 N6 N5 N4 N3 N2 N16 N15 N12 N1
G42731RJ,NC NB NA N9 N8 N7 N6 N5 N4 N35 N3 N2 N17 N15 N14 N13 N10 N1
G42824AQ,NC NB NA N9 N8 N7 N6 N5 N4 N38 N3 N2 N17 N16 N15 N10 N1
G42846BO,NC NB NA N6 N5 N4 N3 N2 N12 N1
G42862VU,NC NB NA N8 N7 N6 N5 N4 N32 N31 N3 N2 N15 N13 N12 N11 N1
G43088GK,NC NB NA N9 N78 N73 N7 N5 N44 N4 N33 N28 N2 N15 N105 N1
G43131ZX,NC NB NA N9 N8 N7 N6 N5 N4 N3 N2 N15 N11 N10 N1
G43164CL,NC NB NA N8 N7 N6 N5 N4 N3 N2 N17 N130 N1
G43299SD,NC NB NA N7 N6 N5 N4 N2 N1
G43325ZI,NC NB NA N41 N4 N3 N20 N2 N1
G43346PX,NC NB NA N69 N6 N5 N4 N29 N2 N16 N15 N1
G43499QE,NC NB NA N8 N7 N6 N5 N4 N3 N2 N15 N14 N13 N12 N1
G43523KB,NC NB NA N6 N5 N4 N29 N2 N15 N1
G43526DL,NC NB NA N9 N8 N7 N6 N5 N4 N35 N34 N3 N2 N17 N16 N15 N10 N1
G43547MI,NC NB NA N4 N1
G43553YK,NC NB NA N5 N47 N4 N3 N2 N15 N1
G43648DB,NC NB NA N40 N4 N1
G43660IT,NC NB NA N8 N7 N6 N5 N42 N4 N3 N2 N18 N15 N1
G43664YB,NC NB NA N8 N7 N4 N3 N2 N1
G43665PB,NC NB NA N6 N5 N41 N4 N3 N2 N17 N16 N15 N1
G43677TG,NC NB NA N4 N3 N2 N11 N1
G43694RQ,NC NB NA N5 N4 N3 N2 N15 N12 N1
G43832DJ,NC NB NA N9 N8 N7 N6 N5 N4 N38 N34 N3 N2 N16 N15 N12 N10 N1
G43869EE,NC NB NA N8 N7 N6 N5 N42 N41 N4 N3 N2 N18 N15 N1
G44027TT,NC NB NA N82 N8 N7 N6 N5 N4 N34 N3 N2 N16 N15 N108 N1
G44046WQ,NC NB NA N9 N4 N2 N1
G44137YR,NC NB NA N9 N8 N7 N60 N6 N59 N58 N5 N4 N37 N36 N34 N3 N2 N17 N15 N10 N1
G44152CO,NC NB NA N69 N6 N5 N4 N29 N2 N13 N1
G44264DI,NC NB NA N8 N7 N6 N5 N4 N15 N14 N13 N1
G44361OH,NC NB NA N61 N60 N6 N59 N5 N4 N3 N2 N17 N15 N1
G44364RM,NC NB NA N8 N7 N6 N5 N49 N48 N47 N4 N3 N2 N15 N1
G44515AZ,NC NB NA N9 N8 N7 N6 N58 N5 N4 N37 N36 N34 N3 N2 N17 N15 N10 N1
G44541JO,NC NB NA N5 N41 N4 N3 N2 N15 N1
G44623TX,NC NB NA N9 N6 N53 N5 N4 N3 N2 N10 N1
G44723YJ,NC NB NA N9 N8 N7 N6 N5 N4 N34 N3 N2 N17 N15 N10 N1
G44747CU,NC NB NA N4 N3 N20 N2 N19 N1
G44754DF,NC NB NA N6 N5 N4 N2 N1
G44770ZI,NC NB NA N5 N4 N29 N2 N15 N1
G44825QL,NC NB NA N9 N6 N5 N43 N4 N3 N2 N15 N10 N1
G44826KU,NC NB NA N6 N5 N4 N3 N2 N17 N1
G44865OQ,NC NB NA N4 N22 N21 N19 N1
G44904UE,NC NB NA N86 N5 N4 N29 N2 N15 N101 N1
G44946WH,NC NB NA N7 N5 N4 N29 N2 N15 N1
G45036WQ,NC NB NA N9 N4 N15 N1
G45048TZ,NC NB NA N4 N29 N2 N19 N15 N1
G45187EI,NC NB NA N9 N6 N5 N4 N2 N15 N10 N1
G45209NR,NC NB NA N9 N6 N5 N4 N38 N3 N2 N17 N16 N15 N10 N1
G45256SO,NC NB NA N7 N5 N4 N2 N11 N1
G45262QY,NC NB NA N5 N44 N4 N2 N15 N1
G45264AM,NC NB NA N69 N5 N4 N29 N2 N15 N1
G45359RY,NC NB NA N9 N6 N5 N4 N3 N2 N15 N10 N1
G45533OY,NC NB NA N6 N5 N41 N4 N3 N2 N16 N15 N1
G45560HM,NC NB NA N6 N5 N4 N3 N2 N17 N1
G45598BE,NC NB NA N6 N5 N4 N3 N2 N15 N12 N1
G45603BW,NC NB NA N9 N6 N5 N4 N38 N3 N2 N16 N12 N10 N1
G45844BS,NC NB NA N99 N63 N62 N60 N6 N59 N5 N42 N41 N4 N3 N2 N15 N100 N1
G45888VL,NC NB NA N6 N5 N42 N41 N40 N4 N3 N2 N1
G45889JQ,NC NB NA N5 N4 N15 N1
G45995IV,NC NB NA N4 N15 N1
G45997JW,NC NB NA N9 N6 N5 N4 N2 N15 N10 N1
G46185ND,NC NB NA N6 N5 N4 N3 N2 N17 N15 N1
G46213JU,NC NB NA N52 N4 N3 N20 N2 N19 N1
G46224CH,NC NB NA N5 N4 N29 N2 N15 N1
G46298TE,NC NB NA N8 N7 N6 N5 N4 N34 N3 N2 N16 N12 N1
G46308WD,NC NB NA N4 N3 N20 N2 N19 N15 N1
G46374MQ,NC NB NA N6 N5 N4 N29 N2 N1
G46387UV,NC NB NA N6 N5 N4 N16 N15 N1
G46425HN,NC NB NA N8 N7 N6 N5 N4 N39 N3 N2 N15 N13 N12 N1
G46470AD,NC NB NA N6 N55 N5 N47 N4 N3 N2 N1
G46503KK,NC NB NA N6 N54 N53 N5 N4 N3 N2 N15 N1
G46542RN,NC NB NA N9 N8 N7 N6 N5 N49 N47 N4 N3 N2 N10 N1
G46638GC,NC NB NA N7 N5 N4 N3 N2 N1
G46712PI,NC NB NA N9 N7 N5 N4 N28 N2 N15 N1
G46763GM,NC NB NA N53 N41 N4 N3 N20 N2 N19 N15 N1
G46767VX,NC NB NA N9 N8 N7 N6 N5 N4 N35 N34 N3 N2 N16 N15 N12 N10 N1
G46836GH,NC NB NA N4 N22 N21 N1
G46991EQ,NC NB NA N8 N7 N6 N5 N42 N41 N4 N3 N2 N18 N15 N11 N1
G47007PV,NC NB NA N8 N7 N6 N5 N4 N3 N2 N15 N1
G47171PS,NC NB NA N97 N9 N6 N53 N5 N4 N3 N2 N15 N10 N1
G47175EF,NC NB NA N6 N54 N5 N4 N3 N2 N15 N1
G47206MY,NC NB NA N4 N29 N2 N15 N1
G47279LF,NC NB NA N9 N8 N7 N61 N60 N6 N59 N5 N4 N34 N3 N2 N17 N15 N10 N1
G47280HM,NC NB NA N8 N7 N6 N5 N4 N3 N2 N15 N14 N13 N1
G47407FC,NC NB NA N4 N29 N2 N19 N1
G47427YD,NC NB NA N83 N60 N6 N59 N52 N5 N4 N3 N2 N1
G47498FQ,NC NB NA N4 N3 N2 N19 N1
G47531XE,NC NB NA N6 N54 N5 N4 N3 N2 N15 N104 N1
G47606XQ,NC NB NA N53 N52 N5 N4 N3 N2 N15 N1
G47675LW,NC NB NA N7 N4 N2 N11 N1
G47741BL,NC NB NA N8 N7 N6 N5 N4 N34 N3 N2 N12 N1
G47782UT,NC NB NA N7 N6 N5 N41 N4 N3 N2 N15 N1
G47816DI,NC NB NA N6 N5 N4 N3 N2 N17 N15 N1
G47866EC,NC NB NA N6 N50 N5 N4 N2 N15 N1
G47925EV,NC NB NA N6 N5 N41 N4 N3 N2 N15 N1
G47936PQ,NC NB NA N6 N5 N4 N3 N2 N15 N11 N1
G47961DI,NC NB NA N9 N6 N5 N4 N3 N2 N17 N16 N15 N10 N1
G47975JA,NC NB NA N6 N5 N4 N3 N2 N15 N12 N1
G48020LQ,NC NB NA N6 N5 N42 N4 N3 N2 N15 N12 N1
G48040FY,NC NB NA N9 N8 N7 N6 N5 N4 N35 N34 N3 N2 N17 N13 N10 N1
G48109OV,NC NB NA N9 N80 N8 N75 N7 N61 N60 N6 N59 N58 N5 N4 N37 N36 N3 N2 N17 N15 N106 N10 N1
G48148JS,NC NB NA N4 N24 N22 N21 N20 N19 N1
G48185FI,NC NB NA N6 N5 N4 N29 N2 N13 N1
G48277OH,NC NB NA N8 N7 N6 N5 N4 N39 N3 N2 N15 N12 N1
G48369JO,NC NB NA N4 N23 N22 N21 N20 N19 N1
G48421GV,NC NB NA N4 N11 N1
G48442VP,NC NB NA N4 N24 N20 N19 N1
G48527XN,NC NB NA N99 N60 N6 N59 N5 N4 N3 N2 N15 N12 N1
G48713OY,NC NB NA N6 N5 N4 N3 N2 N15 N13 N12 N11 N1
G48767NV,NC NB NA N8 N7 N6 N5 N4 N3 N2 N17 N16 N14 N1
G48945UO,NC NB NA N7 N5 N4 N3 N2 N15 N12 N1
G48954CA,NC NB NA N4 N3 N2 N17 N15 N1
G49022RM,NC NB NA N8 N7 N4 N39 N29 N2 N1
G49053WC,NC NB NA N9 N8 N7 N6 N58 N5 N4 N37 N36 N34 N3 N2 N17 N16 N15 N10 N1
G49084JY,NC NB NA N9 N8 N7 N6 N51 N50 N5 N4 N34 N3 N2 N15 N12 N10 N1
G49129IG,NC NB NA N4 N29 N2 N1
G49168NM,NC NB NA N4 N29 N2 N19 N15 N1
G49225WK,NC NB NA N6 N5 N4 N3 N2 N17 N15 N13 N1
G49235GA,NC NB NA N9 N6 N5 N4 N38 N3 N2 N17 N15 N10 N1
G49280JI,NC NB NA N6 N53 N5 N4 N3 N2 N11 N1
G49282JI,NC NB NA N4 N15 N11 N1
G49305IN,NC NB NA N9 N8 N7 N6 N5 N4 N38 N34 N3 N2 N16 N15 N10 N1
G49357ZK,NC NB NA N52 N41 N4 N3 N2 N1
G49369WH,NC NB NA N9 N7 N5 N4 N2 N15 N1
G49401CB,NC NB NA N41 N4 N3 N20 N2 N19 N15 N1
G49440XK,NC NB NA N4 N25 N22 N21 N20 N19 N1
G49446SO,NC NB NA N9 N8 N7 N60 N6 N59 N58 N5 N4 N37 N36 N34 N3 N2 N17 N15 N10 N1
G49495MH,NC NB NA N6 N5 N4 N3 N2 N15 N1
G49503QY,NC NB NA N5 N4 N15 N1
G49515VE,NC NB NA N8 N7 N6 N5 N4 N3 N2 N13 N1
G49664YG,NC NB NA N6 N5 N4 N29 N2 N15 N1
G49743VF,NC NB NA N5 N4 N30 N29 N2 N1
G49827WK,NC NB NA N7 N6 N5 N4 N2 N15 N11 N1
G49933AX,NC NB NA N4 N3 N2 N19 N12 N1
G49935CA,NC NB NA N6 N5 N46 N4 N32 N31 N3 N2 N17 N16 N15 N1
G50076JD,NC NB NA N9 N8 N74 N7 N5 N4 N30 N29 N2 N1
G50078RT,NC NB NA N9 N6 N5 N4 N3 N2 N11 N10 N1
G50112PT,NC NB NA N4 N3 N20 N2 N19 N15 N12 N11 N1
G50211SY,NC NB NA N8 N7 N6 N5 N4 N3 N2 N16 N15 N14 N12 N1
G50216QG,NC NB NA N8 N7 N6 N5 N4 N3 N2 N18 N1
G50364FV,NC NB NA N9 N8 N7 N6 N5 N4 N35 N3 N2 N16 N15 N14 N12 N10 N1
G50462VS,NC NB NA N9 N8 N7 N6 N5 N4 N38 N34 N3 N2 N16 N15 N10 N1
G50489VC,NC NB NA N9 N8 N7 N6 N5 N4 N34 N3 N2 N17 N16 N15 N10 N1
G50507PS,NC NB NA N4 N24 N21 N20 N19 N1
G50508SG,NC NB NA N9 N82 N8 N7 N6 N5 N4 N38 N34 N3 N2 N17 N16 N15 N109 N108 N107 N10 N1
G50531NJ,NC NB NA N6 N5 N4 N29 N2 N15 N1
G50730KL,NC NB NA N40 N4 N20 N2 N19 N1
G50779LX,NC NB NA N6 N5 N4 N3 N2 N13 N12 N11 N1
G50782HI,NC NB NA N4 N3 N23 N20 N2 N19 N15 N1
G50782LR,NC NB NA N9 N6 N5 N4 N3 N2 N17 N16 N15 N10 N1
G51018GI,NC NB NA N9 N6 N5 N4 N3 N2 N16 N15 N126 N12 N10 N1
G51050LD,NC NB NA N9 N6 N5 N43 N42 N41 N4 N3 N2 N15 N10 N1
G51098AA,NC NB NA N8 N7 N6 N5 N4 N3 N2 N16 N15 N1
G51367TM,NC NB NA N4 N3 N2 N19 N1
G51419BH,NC NB NA N4 N25 N24 N23 N22 N21 N20 N19 N1
G51472TJ,NC NB NA N83 N60 N6 N59 N5 N4 N3 N2 N1
G51490BW,NC NB NA N4 N2 N15 N11 N1
G51562OR,NC NB NA N9 N8 N7 N60 N6 N59 N5 N4 N37 N36 N3 N2 N15 N10 N1
G51654CU,NC NB NA N5 N47 N4 N3 N2 N15 N1
G51699IR,NC NB NA N5 N4 N1
G51793MY,NC NB NA N6 N5 N4 N3 N2 N17 N13 N1
G51799AX,NC NB NA N9 N8 N7 N63 N62 N6 N5 N4 N37 N36 N3 N2 N10 N1
G51891DI,NC NB NA N6 N5 N4 N3 N2 N17 N16 N15 N11 N1
G51896IF,NC NB NA N6 N53 N5 N42 N41 N4 N3 N2 N15 N1
G51921XC,NC NB NA N9 N6 N5 N4 N38 N3 N2 N17 N15 N13 N10 N1
G51930XP,NC NB NA N99 N98 N63 N62 N60 N6 N59 N5 N42 N41 N4 N3 N2 N15 N1
G52080WL,NC NB NA N53 N5 N4 N3 N2 N1
G52112MC,NC NB NA N6 N54 N5 N4 N3 N2 N15 N11 N1
G52187WF,NC NB NA N9 N7 N5 N4 N31 N2 N11 N1
G52286UI,NC NB NA N9 N8 N7 N6 N5 N4 N35 N3 N2 N14 N13 N12 N10 N1
G52358FD,NC NB NA N5 N4 N29 N2 N1
G52428MJ,NC NB NA N8 N7 N4 N3 N2 N15 N1
G52645LW,NC NB NA N8 N7 N6 N5 N47 N4 N3 N2 N16 N1
G52663AD,NC NB NA N9 N6 N5 N4 N2 N1
G52676LZ,NC NB NA N6 N5 N4 N29 N2 N16 N15 N108 N1
G52724WY,NC NB NA N6 N52 N50 N5 N4 N3 N2 N1
G52790YS,NC NB NA N9 N61 N60 N6 N59 N5 N4 N38 N3 N2 N17 N15 N10 N1
G52880ZN,NC NB NA N6 N5 N42 N41 N4 N3 N2 N15 N1
G52934AK,NC NB NA N6 N5 N4 N3 N2 N11 N1
G52956BX,NC NB NA N53 N4 N3 N2 N15 N1
G52971DE,NC NB NA N6 N5 N4 N3 N2 N16 N12 N1
G53096UD,NC NB NA N8 N7 N6 N5 N41 N4 N3 N2 N1
G53098FA,NC NB NA N8 N7 N6 N5 N42 N4 N3 N2 N15 N11 N1
G53168IY,NC NB NA N4 N2 N19 N1
G53234IR,NC NB NA N9 N8 N7 N6 N5 N4 N34 N3 N2 N17 N16 N15 N10 N1
G53288JQ,NC NB NA N66 N65 N60 N6 N59 N5 N4 N3 N2 N15 N1
G53322JT,NC NB NA N9 N7 N5 N4 N2 N15 N1
G53394BX,NC NB NA N1
G53396PX,NC NB NA N8 N7 N6 N5 N4 N3 N2 N16 N14 N12 N1
G53401FX,NC NB NA N4 N22 N21 N1
G53485VW,NC NB NA N9 N8 N7 N6 N5 N4 N3 N2 N12 N10 N1
G53504BR,NC NB NA N9 N8 N7 N6 N5 N4 N38 N3 N2 N17 N15 N14 N13 N10 N1
G53582JE,NC NB NA N5 N4 N3 N2 N15 N1
G53667CH,NC NB NA N8 N7 N6 N5 N49 N48 N47 N4 N3 N2 N15 N1
G53752TA,NC NB NA N6 N5 N4 N3 N2 N17 N15 N1
G53809CJ,NC NB NA N6 N5 N41 N4 N3 N2 N16 N15 N1
G53812BX,NC NB NA N8 N7 N6 N5 N4 N3 N2 N17 N16 N1
G53817FJ,NC NB NA N6 N5 N4 N32 N31 N3 N2 N15 N1
G53854XZ,NC NB NA N9 N8 N7 N6 N5 N4 N32 N31 N3 N2 N15 N10 N1
G53889SN,NC NB NA N6 N5 N42 N41 N4 N3 N2 N15 N1
G53933HU,NC NB NA N69 N4 N29 N2 N1
G53944MR,NC NB NA N6 N5 N42 N4 N3 N2 N17 N16 N15 N1
G53962WT,NC NB NA N4 N3 N2 N19 N17 N1
G53985AY,NC NB NA N6 N5 N4 N29 N2 N13 N1
G54018RP,NC NB NA N9 N8 N7 N6 N5 N4 N38 N3 N2 N16 N10 N1
G54151YB,NC NB NA N53 N52 N5 N4 N3 N2 N15 N1
G54158IT,NC NB NA N9 N82 N8 N7 N6 N5 N4 N38 N34 N3 N2 N16 N15 N12 N109 N108 N10 N1
G54258NG,NC NB NA N6 N5 N4 N3 N2 N15 N13 N12 N1
G54273KX,NC NB NA N9 N7 N6 N5 N4 N3 N28 N2 N15 N10 N1
G54338PJ,NC NB NA N8 N7 N6 N5 N4 N34 N3 N2 N16 N15 N1
G54380FJ,NC NB NA N5 N4 N3 N2 N17 N15 N1
G54499PQ,NC NB NA N6 N5 N4 N29 N2 N1
G54505OS,NC NB NA N6 N5 N41 N4 N3 N2 N16 N1
G54513OG,NC NB NA N9 N8 N7 N6 N5 N4 N35 N34 N3 N2 N16 N15 N12 N10 N1
G54599TH,NC NB NA N8 N7 N6 N5 N4 N34 N3 N2 N16 N1
G54884LT,NC NB NA N7 N5 N4 N29 N2 N1
G54953LX,NC NB NA N63 N62 N60 N6 N59 N5 N4 N3 N2 N15 N1
G54956ME,NC NB NA N6 N5 N41 N4 N29 N2 N16 N15 N1
G55065WV,NC NB NA N8 N7 N5 N4 N29 N2 N1
G55220VL,NC NB NA N4 N20 N19 N1
G55396DW,NC NB NA N6 N54 N5 N4 N3 N2 N15 N11 N1
G55479DB,NC NB NA N8 N7 N6 N52 N50 N5 N4 N39 N3 N2 N15 N1
G55600PH,NC NB NA N8 N7 N6 N5 N4 N3 N2 N12 N1
G55781KV,NC NB NA N9 N85 N84 N8 N78 N7 N6 N5 N4 N3 N2 N1
G55818EE,NC NB NA N6 N5 N4 N3 N2 N17 N16 N15 N1
G55867TY,NC NB NA N9 N8 N7 N6 N5 N4 N35 N34 N3 N2 N16 N12 N10 N1
G56014GC,NC NB NA N4 N21 N1
G56147VV,NC NB NA N9 N6 N5 N4 N38 N3 N2 N15 N13 N12 N10 N1
G56175ED,NC NB NA N7 N5 N4 N1
G56202TA,NC NB NA N4 N24 N23 N22 N21 N20 N19 N1
G56269EA,NC NB NA N9 N4 N10 N1
G56271ML,NC NB NA N6 N5 N42 N4 N3 N2 N15 N11 N1
G56271TF,NC NB NA N4 N29 N2 N1
G56318NV,NC NB NA N9 N8 N7 N6 N5 N4 N38 N34 N3 N2 N17 N16 N10 N1
G56340GX,NC NB NA N6 N50 N5 N4 N2 N15 N1
G56376TA,NC NB NA N8 N7 N4 N3 N20 N2 N19 N12 N1
G56485SI,NC NB NA N9 N8 N7 N6 N5 N49 N43 N4 N38 N34 N3 N2 N12 N10 N1
G56516KW,NC NB NA N9 N6 N58 N5 N4 N37 N36 N3 N2 N17 N16 N15 N10 N1
G56591LC,NC NB NA N6 N50 N5 N4 N3 N2 N1
G56653RI,NC NB NA N9 N5 N4 N2 N1
G56655CC,NC NB NA N9 N8 N7 N6 N5 N4 N3 N2 N15 N10 N1
G56720TK,NC NB NA N86 N5 N44 N4 N2 N119 N118 N1
G56748EO,NC NB NA N7 N4 N20 N2 N19 N11 N1
G56749GV,NC NB NA N6 N5 N4 N3 N2 N15 N13 N12 N1
G56770AH,NC NB NA N8 N7 N6 N5 N4 N3 N2 N17 N16 N15 N1
G56791SN,NC NB NA N8 N7 N6 N5 N4 N3 N2 N15 N11 N1
G56852BX,NC NB NA N9 N6 N5 N4 N29 N2 N15 N10 N1
G56963QZ,NC NB NA N9 N8 N7 N6 N5 N4 N38 N34 N3 N2 N17 N16 N10 N1
G57051OG,NC NB NA N9 N4 N3 N2 N10 N1
G57075OH,NC NB NA N82 N8 N7 N6 N5 N4 N34 N3 N2 N15 N12 N1
G57084IU,NC NB NA N70 N5 N4 N30 N29 N2 N15 N1
G57092OJ,NC NB NA N5 N47 N4 N3 N2 N15 N1
G57117TO,NC NB NA N56 N4 N3 N2 N1
G57166CI,NC NB NA N9 N85 N84 N8 N78 N7 N6 N5 N4 N3 N2 N1
G57484FV,NC NB NA N4 N23 N20 N19 N1
G57504TA,NC NB NA N97 N6 N53 N5 N4 N3 N2 N16 N1
G57565TQ,NC NB NA N8 N7 N6 N5 N4 N3 N2 N1
G57675TR,NC NB NA N86 N5 N44 N4 N2 N15 N103 N102 N1
G57762GE,NC NB NA N8 N7 N6 N5 N41 N4 N3 N2 N15 N1
G57835AK,NC NB NA N9 N82 N8 N7 N6 N5 N4 N38 N34 N3 N2 N17 N16 N15 N109 N108 N107 N10 N1
G57863LA,NC NB NA N6 N50 N5 N4 N3 N2 N12 N1
G57930PW,NC NB NA N4 N27 N26 N25 N24 N23 N22 N21 N20 N19 N1
G57937LQ,NC NB NA N60 N6 N59 N5 N42 N41 N4 N3 N2 N1
G57955DP,NC NB NA N8 N7 N6 N5 N4 N34 N3 N2 N16 N15 N12 N1
G57997IN,NC NB NA N6 N50 N5 N47 N4 N3 N2 N15 N1
G58004KD,NC NB NA N9 N8 N7 N6 N58 N5 N4 N37 N36 N3 N2 N16 N15 N10 N1
G58029XR,NC NB NA N82 N8 N7 N6 N5 N4 N34 N3 N2 N16 N15 N12 N1
G58111YY,NC NB NA N9 N6 N5 N4 N35 N3 N2 N16 N12 N10 N1
G58217PP,NC NB NA N8 N7 N6 N5 N4 N34 N3 N2 N17 N16 N15 N1
G58236FD,NC NB NA N6 N5 N4 N3 N2 N16 N1
G58403SV,NC NB NA N9 N6 N5 N4 N29 N2 N10 N1
G58517TJ,NC NB NA N9 N6 N5 N4 N2 N15 N10 N1
G58561KE,NC NB NA N6 N5 N4 N3 N2 N15 N12 N11 N1
G58571IP,NC NB NA N8 N7 N6 N5 N4 N3 N2 N17 N16 N15 N1
G58667NI,NC NB NA N5 N4 N3 N2 N15 N1
G58768FH,NC NB NA N96 N9 N74 N6 N5 N4 N3 N2 N17 N16 N15 N1
G58827HR,NC NB NA N6 N54 N53 N5 N42 N41 N4 N3 N2 N1
G58931VV,NC NB NA N8 N7 N6 N5 N4 N3 N2 N16 N15 N1
G58969RU,NC NB NA N4 N2 N19 N15 N1
G58992VJ,NC NB NA N4 N2 N19 N15 N1
G59041MP,NC NB NA N8 N7 N6 N5 N4 N34 N3 N2 N18 N13 N12 N1
G59128IS,NC NB NA N9 N6 N5 N4 N38 N3 N2 N15 N13 N12 N11 N10 N1
G59149SL,NC NB NA N69 N5 N4 N30 N29 N2 N15 N1
G59300GC,NC NB NA N9 N8 N78 N7 N6 N5 N4 N3 N2 N15 N1
G59311AO,NC NB NA N4 N21 N20 N19 N1
G59345UT,NC NB NA N8 N7 N6 N5 N4 N34 N3 N2 N16 N15 N1
G59361OW,NC NB NA N7 N5 N4 N30 N29 N2 N15 N1
G59406KS,NC NB NA N4 N22 N21 N1
G59471JC,NC NB NA N9 N8 N7 N6 N5 N4 N32 N31 N3 N2 N15 N10 N1
G59471TH,NC NB NA N5 N4 N2 N11 N1
G59513YA,NC NB NA N4 N24 N23 N21 N20 N19 N1
G59579TL,NC NB NA N9 N8 N7 N6 N5 N4 N38 N34 N3 N2 N17 N15 N13 N10 N1
G59619LB,NC NB NA N9 N8 N7 N6 N5 N4 N38 N34 N3 N2 N13 N12 N10 N1
G59655SA,NC NB NA N6 N5 N4 N3 N2 N17 N15 N13 N1
G59741XZ,NC NB NA N4 N29 N2 N1
G59742GY,NC NB NA N9 N8 N7 N61 N60 N6 N59 N58 N5 N4 N37 N36 N34 N3 N2 N17 N15 N10 N1
G59752BW,NC NB NA N9 N8 N70 N7 N5 N4 N38 N34 N30 N3 N2 N17 N15 N10 N1
G59804RR,NC NB NA N8 N7 N6 N5 N4 N1
G59942FB,NC NB NA N8 N7 N4 N20 N2 N19 N11 N1
G59984BF,NC NB NA N5 N42 N4 N30 N29 N2 N15 N1
G60012HO,NC NB NA N6 N5 N4 N3 N2 N16 N15 N12 N1
G60149QJ,NC NB NA N9 N5 N4 N1
G60215UL,NC NB NA N6 N54 N5 N4 N3 N2 N15 N104 N1
G60227QI,NC NB NA N9 N8 N7 N6 N5 N4 N38 N3 N2 N16 N15 N109 N108 N10 N1
G60230HH,NC NB NA N4 N24 N23 N22 N21 N20 N19 N1
G60320IS,NC NB NA N6 N5 N4 N3 N2 N16 N15 N12 N11 N1
G60330MA,NC NB NA N9 N6 N5 N4 N38 N3 N2 N15 N13 N12 N10 N1
G60419KX,NC NB NA N9 N6 N5 N4 N38 N3 N2 N17 N13 N10 N1
G60439QY,NC NB NA N9 N8 N7 N6 N5 N4 N38 N34 N3 N2 N16 N12 N10 N1
G60534NQ,NC NB NA N6 N5 N4 N3 N2 N11 N1
G60631GY,NC NB NA N4 N29 N2 N19 N1
G60653VD,NC NB NA N5 N4 N30 N29 N2 N15 N1
G60705KN,NC NB NA N97 N6 N53 N5 N4 N3 N2 N16 N15 N1
G60814ZB,NC NB NA N9 N8 N7 N6 N5 N4 N38 N3 N2 N15 N14 N13 N12 N10 N1
G60956VN,NC NB NA N5 N4 N2 N15 N11 N1
G60963AS,NC NB NA N9 N8 N74 N7 N5 N4 N30 N29 N2 N15 N1
G61088TM,NC NB NA N9 N8 N7 N5 N4 N3 N2 N15 N1
G61207RZ,NC NB NA N7 N5 N4 N2 N15 N1
G61250GU,NC NB NA N9 N8 N7 N61 N60 N6 N59 N58 N5 N4 N37 N36 N3 N2 N17 N15 N10 N1
G61283FH,NC NB NA N9 N7 N4 N1
G61334IA,NC NB NA N6 N5 N4 N15 N1
G61457CY,NC NB NA N6 N50 N5 N47 N4 N3 N2 N15 N1
G61519GA,NC NB NA N5 N42 N4 N3 N2 N15 N11 N1
G61575RT,NC NB NA N8 N7 N6 N5 N4 N3 N2 N18 N16 N12 N1
G61601ZZ,NC NB NA N4 N27 N26 N25 N22 N21 N1
G61706MD,NC NB NA N6 N5 N4 N3 N2 N1
G61707PW,NC NB NA N9 N6 N52 N51 N50 N5 N4 N3 N2 N15 N10 N1
G61717JN,NC NB NA N4 N3 N2 N15 N1
G61751GZ,NC NB NA N4 N2 N1
G61846BY,NC NB NA N4 N23 N20 N19 N1
G61866NY,NC NB NA N6 N5 N42 N4 N3 N2 N15 N12 N1
G61941WO,NC NB NA N8 N7 N6 N5 N4 N3 N2 N17 N16 N14 N1
G61956VN,NC NB NA N6 N54 N53 N5 N4 N3 N2 N15 N11 N1
G61970XW,NC NB NA N9 N8 N7 N6 N57 N5 N49 N47 N43 N4 N3 N2 N130 N10 N1
G62112AO,NC NB NA N4 N3 N2 N12 N1
G62145FH,NC NB NA N9 N80 N8 N75 N7 N61 N60 N6 N59 N58 N5 N4 N37 N36 N3 N2 N17 N15 N106 N10 N1
G62364JZ,NC NB NA N6 N5 N42 N4 N15 N11 N1
G62387ZO,NC NB NA N6 N5 N4 N3 N2 N16 N12 N1
G62389NM,NC NB NA N4 N3 N2 N19 N15 N1
G62464EH,NC NB NA N9 N6 N5 N4 N38 N3 N2 N16 N12 N10 N1
G62504BU,NC NB NA N7 N6 N5 N4 N3 N2 N1
G62519IY,NC NB NA N97 N53 N5 N4 N3 N2 N15 N1
G62527ZD,NC NB NA N8 N71 N7 N6 N54 N53 N5 N42 N41 N4 N3 N2 N18 N15 N1
G62619LG,NC NB NA N9 N8 N7 N61 N60 N6 N59 N58 N5 N4 N37 N36 N3 N2 N17 N15 N10 N1
G62765SF,NC NB NA N8 N7 N6 N5 N4 N34 N3 N2 N17 N15 N1
G62779OI,NC NB NA N6 N53 N5 N4 N3 N2 N1
G62781GE,NC NB NA N6 N5 N4 N3 N2 N16 N12 N11 N1
G62808KR,NC NB NA N9 N8 N7 N4 N10 N1
G62836JK,NC NB NA N9 N80 N8 N75 N7 N6 N5 N4 N38 N3 N2 N18 N17 N16 N15 N106 N10 N1
G62848AR,NC NB NA N5 N4 N30 N29 N2 N1
G62968IF,NC NB NA N9 N8 N7 N6 N5 N4 N3 N2 N15 N10 N1
G62973JK,NC NB NA N8 N7 N6 N5 N4 N3 N2 N18 N15 N1
G63024BG,NC NB NA N4 N22 N21 N19 N1
G63035DM,NC NB NA N4 N24 N22 N21 N20 N19 N1
G63065KG,NC NB NA N9 N8 N7 N5 N4 N30 N29 N2 N15 N10 N1
G63166WT,NC NB NA N6 N5 N49 N47 N4 N3 N2 N15 N1
G63170HT,NC NB NA N8 N7 N4 N3 N2 N1
G63208BT,NC NB NA N60 N6 N59 N5 N4 N3 N2 N15 N1
G63333DU,NC NB NA N9 N6 N5 N4 N38 N3 N2 N16 N15 N12 N10 N1
G63337SS,NC NB NA N4 N24 N21 N20 N19 N1
G63413QV,NC NB NA N8 N7 N6 N5 N4 N3 N2 N13 N12 N1
G63480NF,NC NB NA N5 N4 N3 N2 N11 N1
G63547QM,NC NB NA N8 N7 N6 N5 N4 N34 N3 N2 N16 N15 N12 N1
G63565MO,NC NB NA N6 N5 N42 N4 N3 N2 N17 N1
G63585HN,NC NB NA N9 N74 N5 N4 N29 N2 N15 N1
G63699VG,NC NB NA N40 N4 N15 N1
G63710WS,NC NB NA N8 N7 N6 N5 N4 N3 N2 N15 N11 N1
G63714PL,NC NB NA N8 N7 N5 N4 N30 N29 N2 N15 N1
G63787RZ,NC NB NA N6 N5 N4 N2 N16 N15 N1
G63838JW,NC NB NA N8 N7 N4 N20 N2 N19 N1
G63889NK,NC NB NA N9 N8 N7 N6 N5 N4 N3 N2 N15 N10 N1
G63919RG,NC NB NA N9 N6 N5 N4 N38 N3 N2 N17 N13 N10 N1
G64048GU,NC NB NA N8 N7 N6 N5 N4 N3 N2 N15 N13 N12 N1
G64098MP,NC NB NA N7 N6 N52 N5 N4 N3 N2 N15 N1
G64186MJ,NC NB NA N4 N29 N2 N19 N1
G64398GR,NC NB NA N9 N8 N7 N6 N5 N4 N38 N3 N2 N109 N10 N1
G64481DJ,NC NB NA N5 N4 N1
G64633BH,NC NB NA N86 N5 N44 N4 N2 N1
G64666BO,NC NB NA N9 N8 N7 N63 N62 N60 N6 N59 N5 N4 N37 N36 N3 N2 N15 N10 N1
G64669AQ,NC NB NA N5 N40 N4 N2 N1
G64693IG,NC NB NA N6 N5 N4 N32 N31 N3 N2 N16 N1
G64803AP,NC NB NA N9 N74 N5 N4 N30 N15 N1
G64827NU,NC NB NA N8 N7 N6 N52 N5 N4 N3 N2 N1
G64860JV,NC NB NA N6 N50 N5 N4 N3 N2 N1
G64894MA,NC NB NA N9 N8 N7 N61 N60 N6 N59 N58 N5 N4 N37 N36 N34 N3 N2 N17 N15 N10 N1
G65239SF,NC NB NA N9 N74 N6 N5 N4 N29 N2 N1
G65243FP,NC NB NA N9 N8 N7 N61 N60 N6 N59 N58 N5 N4 N37 N36 N34 N3 N2 N15 N10 N1
G65294YU,NC NB NA N6 N5 N41 N4 N3 N2 N15 N1
G65415JG,NC NB NA N7 N5 N4 N2 N1
G65419YA,NC NB NA N9 N8 N7 N6 N5 N4 N38 N34 N16 N15 N11 N10 N1
G65449BO,NC NB NA N8 N7 N6 N5 N4 N34 N3 N2 N16 N1
G65508FE,NC NB NA N80 N8 N75 N7 N6 N5 N4 N3 N2 N1
G65518IK,NC NB NA N4 N24 N21 N20 N19 N1
G65597BI,NC NB NA N6 N5 N41 N4 N3 N2 N1
G65617KZ,NC NB NA N6 N5 N41 N4 N3 N2 N17 N16 N15 N1
G65680SX,NC NB NA N9 N7 N5 N4 N3 N2 N12 N1
G65761WK,NC NB NA N6 N5 N4 N3 N2 N15 N13 N1
G65796FM,NC NB NA N9 N74 N7 N5 N4 N30 N29 N2 N15 N1
G65832JS,NC NB NA N9 N60 N6 N59 N5 N4 N3 N2 N15 N10 N1
G65850ES,NC NB NA N8 N7 N63 N62 N6 N5 N4 N3 N2 N1
G65890UA,NC NB NA N4 N3 N20 N2 N19 N17 N1
G65893EZ,NC NB NA N4 N20 N2 N19 N15 N1
G65937EW,NC NB NA N4 N3 N2 N15 N1
G65984FE,NC NB NA N5 N4 N2 N15 N1
G65996GC,NC NB NA
G66106WQ,NC NB NA N9 N8 N7 N6 N58 N5 N43 N4 N37 N36 N34 N3 N2 N17 N16 N15 N10 N1
G66122ZT,NC NB NA N6 N5 N42 N41 N4 N3 N2 N11 N1
G66129DI,NC NB NA N4 N3 N23 N20 N2 N19 N15 N1
G66153IB,NC NB NA N6 N5 N4 N3 N2 N15 N12 N1
G66265KN,NC NB NA N6 N54 N53 N5 N4 N3 N2 N11 N1
G66282NU,NC NB NA N8 N7 N6 N5 N4 N3 N2 N13 N12 N1
G66348MF,NC NB NA N5 N4 N2 N11 N1
G66375VY,NC NB NA N9 N8 N7 N61 N60 N6 N59 N5 N4 N34 N3 N2 N17 N15 N10 N1
G66474IG,NC NB NA N9 N74 N5 N4 N30 N29 N2 N1
G66653BX,NC NB NA N9 N6 N5 N42 N4 N3 N2 N10 N1
G66655HQ,NC NB NA N9 N74 N5 N4 N29 N2 N15 N1
G66665YI,NC NB NA N8 N7 N6 N5 N4 N3 N2 N14 N13 N12 N1
G66741YQ,NC NB NA N6 N5 N4 N3 N2 N1
G66847YI,NC NB NA N9 N80 N8 N75 N7 N62 N60 N6 N59 N5 N4 N37 N36 N3 N2 N15 N10 N1
G66866LE,NC NB NA N6 N5 N4 N29 N2 N13 N1
G66937TJ,NC NB NA N5 N4 N3 N2 N1
G66942CJ,NC NB NA N8 N7 N6 N5 N4 N3 N2 N16 N15 N12 N1
G67045LB,NC NB NA N5 N4 N29 N2 N1
G67066JI,NC NB NA N9 N6 N5 N4 N2 N1
G67173FM,NC NB NA N9 N8 N7 N6 N5 N4 N38 N3 N2 N109 N10 N1
G67342MA,NC NB NA N6 N52 N50 N5 N4 N3 N2 N15 N1
G67385FR,NC NB NA N5 N4 N30 N29 N2 N1
G67410LQ,NC NB NA N68 N67 N66 N65 N60 N6 N59 N5 N4 N3 N2 N12 N1
G67413BG,NC NB NA N9 N8 N7 N6 N5 N4 N38 N3 N2 N16 N109 N108 N10 N1
G67534LV,NC NB NA N9 N8 N74 N7 N5 N4 N30 N29 N2 N15 N1
G67608DN,NC NB NA N99 N60 N6 N59 N5 N4 N3 N2 N15 N1
G67719WQ,NC NB NA N4 N3 N2 N17 N15 N1
G67767BR,NC NB NA N60 N6 N59 N5 N4 N3 N2 N15 N1
G67887EF,NC NB NA N4 N29 N20 N2 N19 N15 N1
G67898UK,NC NB NA N8 N7 N6 N5 N4 N34 N3 N2 N16 N15 N12 N1
G67915MO,NC NB NA N6 N5 N4 N2 N11 N1
G67924FL,NC NB NA N4 N3 N20 N2 N19 N1
G67942CH,NC NB NA N5 N4 N3 N2 N15 N12 N11 N1
G68059HB,NC NB NA N6 N5 N4 N29 N2 N16 N1
G68203DZ,NC NB NA N9 N8 N7 N61 N60 N6 N59 N58 N5 N4 N37 N36 N34 N3 N2 N17 N15 N10 N1
G68283NG,NC NB NA N63 N62 N6 N5 N42 N4 N3 N2 N15 N1
G68318SH,NC NB NA N6 N5 N4 N3 N2 N17 N1
G68337CZ,NC NB NA N9 N8 N7 N6 N5 N4 N38 N3 N2 N17 N16 N15 N108 N10 N1
G68354TY,NC NB NA N6 N5 N45 N4 N3 N2 N15 N1
G68395LV,NC NB NA N4 N11 N1
G68544GH,NA
G68651MF,NC NB NA N5 N41 N4 N30 N29 N2 N15 N1
G68668TB,NC NB NA N4 N22 N21 N20 N19 N1
G68679LW,NC NB NA N5 N42 N4 N30 N29 N2 N15 N1
G68758PE,NC NB NA N9 N5 N4 N30 N29 N2 N15 N10 N1
G68817WF,NC NB NA N97 N6 N53 N5 N41 N4 N3 N2 N15 N1
G68845SP,NC NB NA N9 N8 N7 N6 N5 N47 N4 N3 N2 N10 N1
G68892PJ,NC NB NA N9 N61 N60 N6 N59 N5 N4 N38 N3 N2 N17 N15 N10 N1
G68937TM,NC NB NA N5 N4 N3 N2 N17 N15 N1
G68946DB,NC NB NA N6 N5 N42 N41 N4 N3 N2 N11 N1
G69044AJ,NC NB NA N4 N29 N2 N15 N1
G69170UT,NC NB NA N8 N7 N6 N5 N4 N3 N2 N16 N12 N1
G69411IG,NC NB NA N4 N3 N2 N1
G69461KL,NC NB NA N6 N5 N4 N3 N2 N15 N1
G69485SE,NC NB NA N6 N5 N42 N4 N2 N15 N11 N1
G69672LF,NC NB NA N8 N7 N6 N5 N4 N34 N3 N2 N12 N1
G69725KG,NC NB NA N6 N5 N4 N3 N2 N16 N15 N12 N1
G69758TR,NC NB NA N72 N7 N4 N3 N20 N2 N19 N15 N12 N1
G69905CP,NC NB NA N8 N7 N5 N4 N30 N29 N2 N1
G69912LP,NC NB NA N5 N40 N4 N2 N15 N1
G69957XS,NC NB NA N6 N5 N4 N3 N2 N15 N13 N12 N11 N1
G69982RY,NC NB NA N6 N5 N42 N4 N3 N2 N17 N1
G69985ZX,NC NB NA N9 N7 N5 N4 N30 N29 N2 N1
G69987TD,NC NB NA N5 N4 N15 N1
G70052MF,NC NB NA N4 N3 N20 N2 N19 N15 N11 N1
G70059SD,NC NB NA N6 N5 N4 N2 N15 N1
G70072FZ,NC NB NA N9 N8 N7 N6 N5 N4 N38 N34 N3 N2 N16 N12 N10 N1
G70073SG,NC NB NA N4 N2 N1
G70076VV,NC NB NA N9 N6 N5 N4 N38 N3 N2 N16 N15 N12 N10 N1
G70116BN,NC NB NA N9 N8 N7 N6 N5 N4 N38 N34 N3 N2 N16 N10 N1
G70194YY,NC NB NA N82 N8 N7 N6 N5 N4 N34 N3 N2 N16 N15 N12 N1
G70236HL,NC NB NA N8 N7 N6 N5 N4 N34 N3 N2 N15 N13 N12 N1
G70246WA,NC NB NA N8 N7 N4 N3 N2 N15 N1
G70342DW,NC NB NA N9 N80 N8 N75 N7 N61 N60 N6 N59 N58 N5 N4 N37 N36 N3 N2 N17 N15 N106 N10 N1
G70377VS,NC NB NA N8 N7 N4 N1
G70382WT,NC NB NA N6 N5 N4 N3 N2 N16 N15 N1
G70387YT,NC NB NA N53 N4 N3 N2 N15 N1
G70490JW,NC NB NA N8 N7 N6 N5 N4 N3 N2 N12 N1
G70494TJ,NC NB NA N9 N8 N7 N6 N5 N4 N35 N34 N3 N2 N13 N12 N10 N1
G70511VE,NC NB NA N6 N55 N5 N4 N3 N2 N17 N15 N1
G70617CF,NC NB NA N97 N9 N6 N53 N5 N4 N3 N2 N10 N1
G70681VG,NC NB NA N4 N27 N26 N25 N22 N21 N20 N19 N1
G70708LW,NC NB NA N6 N52 N50 N5 N4 N3 N2 N15 N1
G70830AN,NC NB NA N9 N8 N7 N6 N5 N43 N42 N41 N4 N3 N2 N18 N15 N10 N1
G70851FQ,NC NB NA N6 N5 N4 N2 N13 N1
G70859XP,NC NB NA N9 N5 N4 N29 N2 N1
G70881GL,NC NB NA N9 N74 N5 N4 N29 N2 N1
G70945OS,NC NB NA N6 N54 N53 N5 N4 N3 N2 N15 N11 N1
G70958LU,NC NB NA N9 N8 N7 N6 N5 N43 N42 N4 N3 N2 N18 N15 N12 N10 N1
G71013KY,NC NB NA N5 N4 N3 N2 N15 N11 N1
G71296WI,NC NB NA N9 N74 N5 N4 N29 N2 N15 N1
G71320DE,NC NB NA N9 N74 N5 N4 N30 N29 N2 N15 N1
G71332MU,NC NB NA N9 N70 N5 N4 N38 N30 N3 N2 N17 N15 N10 N1
G71451NN,NC NB NA N9 N7 N6 N5 N4 N2 N15 N1
G71470CO,NC NB NA N4 N23 N20 N2 N19 N1
G71679MX,NC NB NA N9 N7 N6 N5 N4 N2 N15 N1
G71690HK,NC NB NA N7 N5 N4 N28 N2 N15 N1
G71704AG,NC NB NA N8 N7 N6 N5 N4 N3 N2 N16 N15 N14 N12 N1
G71782CJ,NC NB NA N5 N4 N3 N2 N15 N12 N1
G71835BN,NC NB NA N6 N54 N5 N4 N3 N2 N1
G71857KQ,NC NB NA N8 N7 N5 N4 N29 N2 N1
G71865NO,NC NB NA N6 N5 N4 N2 N11 N1
G71906BW,NC NB NA N9 N8 N7 N6 N5 N4 N38 N3 N2 N16 N15 N108 N10 N1
G71914DZ,NC NB NA N8 N7 N6 N5 N4 N3 N2 N12 N1
G71957GO,NC NB NA N9 N8 N7 N6 N5 N43 N42 N4 N3 N2 N18 N15 N10 N1
G72079JG,NC NB NA N4 N27 N26 N25 N24 N23 N22 N21 N20 N19 N1
G72082VM,NC NB NA N5 N4 N29 N2 N15 N1
G72103RY,NC NB NA N4 N24 N22 N21 N19 N1
G72108VJ,NC NB NA N4 N2 N11 N1
G72125QI,NC NB NA N6 N5 N4 N3 N2 N16 N1
G72128LZ,NC NB NA N8 N7 N6 N5 N4 N34 N3 N2 N13 N12 N1
G72131JM,NC NB NA N9 N8 N7 N6 N5 N4 N38 N34 N3 N2 N17 N16 N15 N10 N1
G72221XM,NC NB NA N9 N6 N5 N4 N29 N2 N15 N10 N1
G72260GO,NC NB NA N69 N6 N5 N4 N29 N2 N15 N13 N1
G72356JA,NC NB NA N6 N5 N4 N3 N2 N12 N11 N1
G72356VO,NC NB NA N8 N7 N6 N5 N4 N3 N2 N18 N13 N12 N1
G72406BE,NC NB NA N6 N5 N4 N29 N2 N16 N15 N1
G72407WU,NC NB NA N6 N5 N4 N32 N31 N3 N2 N17 N16 N1
G72460OS,NC NB NA N8 N7 N5 N4 N29 N2 N15 N1
G72475NE,NC NB NA N83 N60 N6 N59 N5 N4 N3 N2 N15 N1
G72533FB,NC NB NA N9 N6 N5 N4 N2 N1
G72580QS,NC NB NA N8 N7 N6 N5 N4 N3 N2 N18 N13 N12 N1
G72662IG,NC NB NA N9 N6 N5 N4 N38 N3 N2 N17 N15 N13 N10 N1
G72718TT,NC NB NA N5 N4 N3 N2 N11 N1
G72821WX,NC NB NA N4 N3 N2 N15 N11 N1
G72905QH,NC NB NA N6 N5 N4 N3 N2 N17 N15 N11 N1
G72919IM,NC NB NA N6 N5 N46 N4 N32 N31 N3 N2 N17 N16 N1
G72954XC,NC NB NA N6 N5 N4 N3 N2 N15 N13 N12 N1
G72974NP,NC NB NA N8 N7 N6 N5 N4 N34 N3 N2 N17 N15 N13 N1
G73057DA,NC NB NA N8 N7 N4 N2 N11 N1
G73211XU,NC NB NA N8 N7 N6 N5 N42 N4 N3 N2 N18 N15 N12 N1
G73271AZ,NC NB NA N5 N4 N29 N2 N15 N1
G73302KW,NC NB NA N8 N7 N6 N5 N4 N3 N2 N11 N1
G73308YY,NC NB NA N9 N8 N7 N6 N5 N4 N3 N2 N1
G73418FX,NC NB NA N69 N5 N42 N4 N30 N29 N2 N15 N1
G73439VG,NC NB NA N9 N8 N7 N6 N5 N4 N35 N3 N2 N16 N14 N12 N10 N1
G73492AT,NC NB NA N9 N8 N7 N6 N5 N4 N3 N2 N15 N1
G73539WK,NC NB NA N8 N7 N6 N5 N42 N41 N4 N3 N2 N18 N15 N11 N1
G73683LQ,NC NB NA N6 N5 N42 N41 N4 N3 N2 N1
G73763NQ,NC NB NA N9 N8 N7 N5 N4 N30 N29 N2 N15 N10 N1
G73825BL,NC NB NA N6 N5 N4 N3 N2 N16 N15 N1
G73866ZM,NC NB NA N6 N5 N4 N3 N2 N13 N12 N1
G73907HE,NC NB NA N6 N5 N4 N3 N2 N17 N16 N11 N1
G74066YL,NC NB NA N4 N3 N20 N2 N19 N12 N1
G74120DW,NC NB NA N6 N5 N4 N32 N31 N3 N2 N15 N1
G74248TD,NC NB NA N4 N3 N23 N20 N2 N19 N1
G74264KM,NC NB NA N99 N60 N6 N59 N5 N4 N3 N2 N15 N1
G74290AC,NC NB NA N4 N3 N20 N2 N19 N17 N1
G74325TG,NC NB NA N6 N5 N4 N3 N2 N15 N11 N1
G74369SL,NC NB NA N6 N5 N46 N4 N32 N31 N3 N2 N17 N16 N1
G74438AB,NC NB NA N9 N74 N7 N5 N4 N30 N29 N2 N1
G74574VX,NC NB NA N8 N7 N5 N4 N3 N2 N11 N1
G74645FT,NC NB NA N8 N7 N6 N5 N4 N3 N2 N11 N1
G74716XL,NC NB NA N8 N7 N6 N5 N4 N29 N2 N15 N1
G74837KH,NC NB NA N5 N4 N3 N2 N15 N1
G74859XI,NC NB NA N9 N8 N7 N6 N58 N5 N4 N37 N36 N34 N3 N2 N17 N16 N15 N10 N1
G74928QN,NC NB NA N9 N6 N51 N50 N5 N4 N3 N2 N15 N10 N1
G75049FP,NC NB NA N9 N7 N6 N5 N4 N3 N2 N10 N1
G75082OS,NC NB NA N9 N6 N5 N4 N3 N2 N17 N16 N10 N1
G75120WS,NC NB NA N8 N7 N6 N5 N4 N34 N3 N2 N12 N1
G75185NU,NC NB NA N9 N8 N7 N6 N5 N4 N3 N2 N1
G75308SV,NC NB NA N9 N8 N7 N6 N5 N4 N37 N36 N3 N2 N15 N10 N1
G75318VB,NC NB NA N9 N8 N7 N6 N5 N4 N29 N2 N10 N1
G75333EX,NC NB NA N5 N4 N30 N29 N2 N15 N1
G75359HS,NC NB NA N4 N29 N20 N2 N15 N1
G75381NI,NC NB NA N6 N5 N4 N3 N2 N16 N15 N1
G75398ZA,NC NB NA N9 N8 N7 N6 N5 N4 N38 N3 N2 N16 N14 N12 N10 N1
G75412QZ,NC NB NA N9 N8 N7 N6 N5 N4 N3 N2 N11 N10 N1
G75584LU,NC NB NA N7 N5 N4 N2 N1
G75595FQ,NC NB NA N52 N5 N4 N3 N2 N15 N11 N1
G75704ZB,NC NB NA N8 N7 N6 N5 N4 N34 N3 N2 N17 N16 N15 N1
G75734VP,NC NB NA N5 N4 N30 N29 N2 N15 N1
G75824WJ,NC NB NA N9 N8 N7 N6 N5 N4 N38 N3 N2 N15 N14 N13 N12 N10 N1
G75839SN,NC NB NA N9 N6 N5 N4 N3 N2 N15 N10 N1
G75850OP,NC NB NA N6 N5 N4 N3 N2 N13 N1
G75896PD,NC NB NA N4 N20 N2 N1
G75902JL,NC NB NA N9 N6 N57 N5 N4 N3 N2 N17 N15 N10 N1
G75903TQ,NC NB NA N6 N5 N41 N4 N3 N2 N15 N13 N1
G76073FF,NC NB NA N9 N8 N7 N6 N50 N5 N4 N3 N2 N12 N1
G76136FD,NC NB NA N5 N42 N41 N4 N30 N29 N2 N15 N1
G76241TN,NC NB NA N5 N4 N2 N11 N1
G76294TY,NC NB NA N82 N8 N7 N6 N5 N4 N34 N3 N2 N15 N1
G76384QV,NC NB NA N9 N8 N7 N6 N5 N4 N38 N3 N2 N17 N16 N14 N10 N1
G76478FT,NC NB NA N6 N5 N42 N4 N3 N2 N15 N1
G76583MP,NC NB NA N7 N5 N4 N2 N11 N1
G76666KS,NC NB NA N4 N24 N20 N19 N1
G76924RW,NC NB NA N4 N25 N22 N21 N1
G77058YR,NC NB NA N9 N88 N87 N8 N7 N6 N5 N4 N10 N1
G77174TF,NC NB NA N96 N9 N8 N74 N7 N6 N5 N4 N34 N3 N2 N17 N16 N15 N1
G77198CF,NC NB NA N4 N29 N2 N19 N15 N1
G77207RR,NC NB NA N9 N8 N7 N6 N5 N4 N35 N3 N2 N15 N14 N13 N12 N10 N1
G77244ZA,NC NB NA N9 N8 N7 N60 N6 N59 N5 N4 N3 N2 N15 N10 N1
G77252PU,NC NB NA N6 N5 N4 N3 N2 N17 N16 N1
G77384FE,NC NB NA N52 N5 N4 N30 N3 N2 N15 N1
G77396HT,NC NB NA N9 N6 N5 N4 N29 N2 N10 N1
G77475MM,NC NB NA N83 N60 N6 N59 N52 N5 N4 N3 N2 N15 N1
G77479VH,NC NB NA N40 N4 N15 N1
G77639OD,NC NB NA N9 N7 N5 N4 N29 N2 N1
G77646FX,NC NB NA N8 N7 N6 N5 N4 N3 N2 N16 N12 N1
G77748PL,NC NB NA N8 N7 N6 N5 N4 N3 N2 N15 N14 N13 N12 N1
G77812KJ,NC NB NA N9 N8 N7 N6 N5 N4 N35 N34 N3 N2 N17 N13 N10 N1
G77915NM,NC NB NA N8 N7 N6 N5 N4 N3 N2 N15 N1
G77974XY,NC NB NA N9 N7 N5 N4 N31 N2 N1
G78030KJ,NC NB NA N8 N7 N6 N5 N4 N34 N3 N2 N17 N16 N1
G78059CC,NC NB NA N6 N5 N4 N3 N2 N15 N1
G78155FK,NC NB NA N8 N7 N6 N5 N4 N2 N1
G78161IO,NC NB NA N9 N6 N5 N4 N38 N3 N2 N13 N12 N10 N1
G78173WX,NC NB NA N5 N42 N4 N3 N2 N15 N12 N1
G78276SQ,NC NB NA N6 N5 N45 N4 N3 N2 N15 N12 N1
G78341DP,NC NB NA N4 N20 N2 N19 N1
G78342SP,NC NB NA N4 N29 N2 N15 N1
G78368CZ,NC NB NA N4 N2 N11 N1
G78391CU,NC NB NA N8 N7 N6 N5 N4 N34 N3 N2 N16 N14 N12 N1
G78434AN,NC NB NA N9 N8 N7 N6 N5 N43 N4 N3 N2 N10 N1
G78681QL,NC NB NA N7 N5 N4 N2 N15 N1
G78730ZV,NC NB NA N9 N8 N7 N6 N5 N4 N35 N3 N2 N15 N14 N13 N12 N10 N1
G78813BX,NC NB NA N8 N7 N5 N4 N30 N29 N2 N1
G78890OB,NC NB NA N6 N5 N4 N29 N2 N1
G78944YP,NC NB NA N8 N7 N6 N5 N4 N29 N2 N1
G78956IC,NC NB NA N8 N7 N6 N5 N4 N34 N3 N2 N17 N16 N15 N11 N1
G79018NX,NC NB NA N97 N6 N53 N5 N4 N3 N2 N16 N1
G79037RU,NC NB NA N9 N8 N7 N64 N63 N62 N61 N60 N6 N59 N58 N5 N4 N37 N36 N34 N3 N2 N15 N10 N1
G79084MU,NC NB NA N9 N8 N7 N6 N5 N44 N4 N2 N15 N10 N1
G79198BK,NC NB NA N9 N5 N4 N2 N11 N1
G79215ZS,NC NB NA N8 N7 N6 N5 N4 N39 N3 N2 N17 N16 N15 N1
G79249GP,NC NB NA N8 N7 N4 N1
G79344MI,NC NB NA N9 N7 N5 N4 N30 N29 N2 N15 N1
G79348ZY,NC NB NA N5 N44 N4 N2 N1
G79351ZW,NC NB NA N8 N7 N6 N5 N4 N3 N2 N16 N14 N12 N1
G79368CP,NC NB NA N6 N5 N4 N3 N2 N17 N15 N1
G79394LC,NC NB NA N97 N6 N53 N5 N4 N3 N2 N16 N15 N1
G79457WN,NC NB NA N9 N8 N7 N5 N4 N2 N15 N1
G79477YQ,NC NB NA N4 N3 N20 N2 N19 N17 N1
G79556AB,NC NB NA N6 N5 N41 N4 N3 N2 N16 N15 N1
G79565XA,NC NB NA N9 N8 N7 N6 N5 N4 N38 N3 N2 N17 N16 N15 N108 N10 N1
G79578JB,NC NB NA N8 N7 N6 N5 N4 N3 N2 N16 N1
G79754SY,NC NB NA N4 N27 N26 N25 N22 N21 N1
G79771YZ,NC NB NA N7 N4 N15 N1
G79781PS,NC NB NA N6 N54 N5 N4 N15 N1
G79803HS,NC NB NA N9 N8 N74 N7 N5 N4 N30 N29 N2 N1
G79804QG,NC NB NA N8 N7 N6 N55 N5 N47 N4 N3 N2 N1
G79809MM,NC NB NA N9 N6 N5 N4 N3 N2 N10 N1
G79810PX,NC NB NA N4 N3 N20 N2 N19 N17 N15 N1
G79852UE,NC NB NA N82 N8 N7 N6 N5 N4 N34 N3 N2 N15 N12 N1
G79916NT,NC NB NA N9 N60 N6 N59 N5 N4 N3 N2 N15 N10 N1
G79950YS,NC NB NA N9 N8 N7 N6 N5 N4 N3 N2 N14 N13 N12 N10 N1
G79996DQ,NC NB NA N9 N6 N5 N4 N29 N2 N10 N1
G80085KS,NC NB NA N9 N8 N7 N6 N5 N4 N38 N34 N3 N2 N15 N13 N12 N10 N1
G80147LG,NC NB NA N6 N5 N49 N4 N2 N15 N1
G80163ME,NC NB NA N9 N8 N7 N6 N5 N4 N15 N10 N1
G80264ZA,NC NB NA N9 N86 N73 N7 N5 N44 N4 N33 N28 N2 N15 N101 N1
G80268ZC,NC NB NA N9 N8 N7 N6 N5 N4 N35 N34 N3 N2 N17 N16 N10 N1
G80294GH,NC NB NA N8 N7 N6 N50 N5 N4 N3 N2 N15 N1
G80319WU,NC NB NA N9 N8 N7 N6 N5 N4 N38 N34 N3 N2 N16 N10 N1
G80343LW,NC NB NA N8 N7 N6 N5 N4 N3 N2 N1
G80393PG,NC NB NA N9 N5 N4 N2 N15 N1
G80510YA,NC NB NA N8 N71 N7 N6 N54 N53 N50 N5 N4 N39 N3 N2 N15 N1
G80537QW,NC NB NA N9 N6 N5 N4 N38 N3 N2 N17 N15 N10 N1
G80552MJ,NC NB NA N9 N8 N7 N6 N5 N4 N38 N34 N3 N2 N17 N16 N15 N10 N1
G80578OK,NC NB NA N6 N5 N4 N2 N16 N15 N11 N1
G80583XN,NC NB NA N53 N41 N4 N3 N2 N15 N1
G80612BO,NC NB NA N8 N7 N6 N5 N4 N3 N2 N15 N1
G80637VS,NC NB NA N8 N7 N6 N5 N4 N15 N1
G80650PW,NC NB NA N4 N31 N1
G80654ZK,NC NB NA N9 N8 N7 N60 N6 N59 N5 N4 N38 N34 N3 N2 N17 N15 N10 N1
G80858MF,NC NB NA N5 N4 N2 N15 N1
G80943NY,NC NB NA N9 N8 N7 N6 N5 N4 N38 N3 N2 N17 N14 N13 N10 N1
G80966KZ,NC NB NA N4 N21 N20 N19 N1
G81085EP,NC NB NA N6 N54 N53 N5 N4 N3 N2 N1
G81114MS,NC NB NA N9 N8 N7 N6 N5 N4 N35 N3 N2 N17 N15 N14 N13 N10 N1
G81121OC,NC NB NA N6 N50 N5 N4 N3 N2 N15 N1
G81153QC,NC NB NA N9 N5 N4 N30 N29 N2 N15 N10 N1
G81253FL,NC NB NA N9 N5 N4 N2 N1
G81294ZY,NC NB NA N9 N8 N78 N7 N60 N6 N59 N5 N4 N3 N2 N1
G81326IN,NC NB NA N9 N8 N7 N6 N5 N43 N42 N4 N3 N2 N15 N11 N10 N1
G81328FA,NC NB NA N86 N73 N5 N44 N4 N2 N101 N1
G81397LO,NC NB NA N8 N7 N5 N4 N1
G81528UX,NC NB NA N6 N5 N4 N2 N16 N1
G81554CS,NC NB NA N9 N6 N5 N4 N2 N15 N1
G81561UL,NC NB NA N9 N8 N7 N6 N5 N4 N38 N34 N3 N2 N15 N13 N12 N10 N1
G81711SM,NC NB NA N9 N8 N7 N6 N5 N4 N38 N34 N3 N2 N17 N15 N10 N1
G81873QA,NC NB NA N9 N6 N5 N4 N3 N2 N16 N10 N1
G81874XM,NC NB NA N9 N6 N5 N4 N38 N3 N2 N16 N15 N10 N1
G81914RV,NC NB NA N5 N4 N30 N29 N2 N15 N1
G81915YU,NC NB NA N6 N5 N4 N29 N2 N16 N1
G81923ER,NC NB NA N9 N74 N5 N4 N29 N2 N1
G82011YF,NC NB NA N9 N8 N7 N6 N56 N55 N5 N48 N4 N3 N2 N15 N126 N10 N1
G82033VN,NC NB NA N9 N6 N5 N4 N35 N3 N2 N16 N12 N10 N1
G82050MN,NC NB NA N8 N7 N6 N5 N4 N3 N2 N16 N12 N1
G82140BL,NC NB NA N97 N9 N6 N53 N5 N4 N3 N2 N15 N10 N1
G82201IZ,NC NB NA N9 N8 N7 N6 N58 N5 N4 N37 N36 N34 N3 N2 N17 N15 N10 N1
G82207VX,NC NB NA N4 N25 N24 N23 N22 N21 N20 N19 N1
G82221BU,NC NB NA N6 N5 N42 N4 N3 N2 N12 N1
G82252QI,NC NB NA N6 N5 N41 N4 N3 N2 N15 N1
G82258GN,NC NB NA N8 N7 N6 N5 N4 N34 N3 N2 N15 N1
G82312JY,NC NB NA N5 N4 N30 N2 N15 N1
G82320NZ,NC NB NA N60 N6 N59 N5 N4 N3 N2 N1
G82348BZ,NC NB NA N4 N15 N1
G82405LP,NC NB NA N9 N4 N15 N1
G82410AF,NC NB NA N9 N8 N7 N61 N60 N6 N59 N5 N4 N37 N36 N34 N3 N2 N17 N15 N10 N1
G82420SH,NC NB NA N6 N5 N44 N4 N2 N15 N1
G82458BB,NC NB NA N6 N5 N4 N29 N2 N1
G82487CR,NC NB NA N9 N8 N7 N6 N5 N4 N35 N3 N2 N14 N10 N1
G82639GQ,NC NB NA N96 N9 N8 N74 N7 N6 N5 N4 N34 N3 N2 N17 N16 N15 N1
G82680EC,NC NB NA N5 N4 N15 N11 N1
G82730QA,NC NB NA N6 N5 N46 N4 N32 N31 N3 N2 N16 N12 N1
G82779CI,NC NB NA N6 N5 N4 N32 N31 N3 N2 N1
G82801WV,NC NB NA N9 N8 N7 N6 N5 N4 N35 N3 N2 N17 N16 N15 N14 N10 N1
G82811EP,NC NB NA N8 N7 N6 N5 N4 N3 N2 N12 N1
G82864KM,NC NB NA N9 N8 N7 N6 N5 N4 N34 N3 N2 N16 N15 N10 N1
G82894XV,NC NB NA N9 N8 N7 N6 N5 N4 N38 N3 N2 N15 N109 N10 N1
G82942ZJ,NC NB NA N4 N20 N2 N19 N15 N1
G82955EQ,NC NB NA N6 N53 N52 N5 N4 N3 N2 N1
G83006TR,NC NB NA N7 N6 N5 N4 N1
G83022ZQ,NC NB NA N6 N5 N4 N3 N2 N17 N15 N1
G83062JW,NC NB NA N5 N4 N30 N29 N2 N1
G83106XM,NC NB NA N9 N6 N5 N4 N35 N3 N2 N15 N13 N12 N10 N1
G83161QT,NC NB NA N4 N23 N21 N20 N19 N1
G83269PQ,NC NB NA N6 N5 N46 N4 N32 N31 N3 N2 N17 N16 N15 N1
G83393GK,NC NB NA N4 N3 N2 N19 N17 N1
G83455QZ,NC NB NA N9 N8 N7 N60 N6 N59 N5 N4 N37 N36 N3 N2 N15 N10 N1
G83540SE,NC NB NA N82 N8 N7 N6 N5 N4 N34 N3 N2 N12 N1
G83600PQ,NC NB NA N4 N24 N23 N20 N19 N1
G83644CC,NC NB NA N5 N42 N41 N4 N30 N29 N2 N15 N1
G83737UD,NC NB NA N8 N7 N6 N5 N4 N3 N2 N15 N1
G83926PC,NC NB NA N8 N7 N6 N5 N4 N3 N2 N17 N15 N14 N13 N1
G83958MI,NC NB NA N4 N27 N26 N25 N22 N21 N1
G84108IZ,NC NB NA N7 N6 N5 N4 N3 N2 N15 N13 N12 N1
G84153KU,NC NB NA N9 N7 N6 N5 N4 N3 N2 N15 N10 N1
G84163ZT,NC NB NA N9 N8 N7 N6 N5 N4 N35 N3 N2 N17 N16 N15 N14 N10 N1
G84186YN,NC NB NA N9 N8 N7 N6 N5 N4 N35 N34 N3 N2 N17 N16 N15 N10 N1
G84223RT,NC NB NA N8 N7 N6 N5 N4 N34 N3 N2 N17 N15 N1
G84287MH,NC NB NA N69 N6 N5 N4 N29 N2 N1
G84329MX,NC NB NA N69 N6 N5 N4 N29 N2 N16 N1
G84330VA,NC NB NA N9 N80 N8 N75 N7 N6 N5 N4 N38 N3 N2 N18 N17 N16 N15 N106 N10 N1
G84368MT,NC NB NA N63 N62 N6 N5 N42 N4 N3 N2 N1
G84376FR,NC NB NA N8 N7 N6 N5 N4 N3 N2 N12 N1
G84390MS,NC NB NA N9 N8 N7 N61 N60 N6 N59 N58 N5 N4 N37 N36 N34 N3 N2 N15 N10 N1
G84467IZ,NC NB NA N6 N5 N4 N3 N2 N13 N12 N1
G84495HF,NC NB NA N5 N4 N29 N2 N15 N1
G84504LI,NC NB NA N9 N69 N6 N5 N4 N38 N29 N2 N16 N15 N10 N1
G84536BM,NC NB NA N9 N86 N78 N73 N7 N5 N44 N4 N33 N28 N2 N15 N105 N101 N1
G84558OA,NC NB NA N9 N6 N5 N4 N3 N2 N17 N16 N10 N1
G84674JQ,NC NB NA N6 N5 N45 N4 N3 N2 N15 N1
G84678BK,NC NB NA N5 N4 N2 N1
G84777MO,NC NB NA N9 N8 N7 N6 N5 N4 N35 N3 N2 N17 N16 N14 N10 N1
G84778XH,NC NB NA N9 N8 N7 N6 N5 N43 N4 N38 N34 N3 N2 N13 N12 N10 N1
G84783XD,NC NB NA N97 N9 N6 N53 N5 N4 N3 N2 N10 N1
G84852GW,NC NB NA N4 N3 N2 N15 N12 N1
G84874EV,NC NB NA N9 N6 N5 N44 N4 N2 N10 N1
G84901UD,NC NB NA N6 N54 N5 N4 N3 N2 N104 N1
G84908OR,NC NB NA N6 N50 N5 N4 N3 N2 N17 N15 N12 N1
G84964KJ,NC NB NA N8 N7 N6 N5 N4 N3 N2 N130 N1
G85041WE,NC NB NA N9 N4 N1
G85100QD,NC NB NA N5 N4 N11 N1
G85121UD,NC NB NA N4 N3 N2 N19 N17 N15 N1
G85260RY,NC NB NA N82 N8 N7 N6 N5 N4 N34 N3 N2 N16 N15 N12 N1
G85422ZY,NC NB NA N9 N7 N6 N5 N4 N3 N2 N10 N1
G85458AY,NC NB NA N52 N5 N41 N4 N30 N3 N2 N15 N1
G85460ZG,NC NB NA N6 N5 N4 N1
G85542KD,NC NB NA N5 N4 N30 N29 N2 N15 N1
G85652RK,NC NB NA N6 N54 N53 N5 N42 N41 N4 N3 N2 N15 N1
G85755BV,NC NB NA N8 N7 N61 N60 N6 N59 N5 N4 N34 N3 N2 N17 N15 N1
G85767HW,NC NB NA N6 N5 N4 N2 N15 N11 N1
G85891FA,NC NB NA N4 N29 N20 N2 N1
G86002PC,NC NB NA N53 N4 N3 N2 N1
G86005HP,NC NB NA N8 N7 N6 N5 N42 N41 N4 N3 N2 N18 N15 N11 N1
G86053IC,NC NB NA N4 N23 N21 N20 N19 N1
G86095OE,NC NB NA N9 N8 N7 N6 N5 N4 N35 N34 N3 N2 N17 N16 N10 N1
G86102AA,NC NB NA N5 N41 N4 N30 N29 N2 N15 N1
G86102WJ,NC NB NA N6 N5 N4 N2 N1
G86270DU,NC NB NA N6 N5 N4 N3 N2 N15 N12 N1
G86298IX,NC NB NA N6 N54 N5 N4 N3 N2 N17 N15 N104 N1
G86357DX,NC NB NA N8 N7 N6 N5 N4 N3 N2 N15 N1
G86377KB,NC NB NA N9 N82 N8 N7 N6 N5 N4 N38 N34 N3 N2 N16 N15 N12 N109 N108 N10 N1
G86385RC,NC NB NA N4 N23 N22 N21 N20 N19 N1
G86386QT,NC NB NA N4 N3 N2 N1
G86475BX,NC NB NA N63 N62 N6 N5 N42 N4 N3 N2 N100 N1
G86490WA,NC NB NA N6 N5 N4 N3 N2 N17 N16 N15 N11 N1
G86495BQ,NC NB NA N6 N50 N5 N4 N2 N15 N1
G86504RY,NC NB NA N7 N5 N4 N30 N29 N2 N15 N1
G86517XT,NC NB NA N6 N5 N4 N2 N15 N11 N1
G86522OD,NC NB NA N6 N5 N4 N3 N2 N11 N1
G86555OF,NC NB NA N97 N53 N4 N3 N24 N2 N19 N15 N1
G86606NT,NC NB NA N9 N5 N4 N29 N2 N1
G86681BW,NC NB NA N8 N7 N5 N4 N3 N2 N12 N1
G86696LV,NC NB NA N9 N8 N7 N6 N5 N4 N38 N34 N3 N2 N16 N15 N10 N1
G86704VD,NC NB NA N8 N7 N6 N55 N5 N48 N4 N3 N2 N17 N1
G86730KO,NC NB NA N9 N8 N7 N6 N5 N44 N4 N2 N10 N1
G86753CK,NC NB NA N9 N8 N7 N6 N5 N4 N38 N34 N3 N2 N17 N15 N10 N1
G86770JF,NC NB NA N9 N6 N55 N5 N47 N4 N3 N2 N15 N126 N10 N1
G86782KC,NC NB NA N9 N8 N7 N6 N5 N4 N38 N3 N2 N16 N15 N10 N1
G86928UZ,NC NB NA N6 N5 N42 N4 N2 N15 N11 N1
G87073UP,NC NB NA N6 N53 N5 N4 N3 N2 N1
G87107PF,NC NB NA N6 N53 N52 N5 N4 N3 N2 N15 N1
G87136DV,NC NB NA N8 N7 N6 N5 N47 N4 N3 N2 N18 N16 N1
G87217OF,NC NB NA N8 N7 N5 N4 N29 N2 N1
G87273JO,NC NB NA N9 N8 N7 N6 N5 N4 N34 N3 N2 N17 N15 N10 N1
G87308QC,NC NB NA N9 N4 N1
G87309GS,NC NB NA N9 N5 N4 N2 N15 N1
G87377KZ,NC NB NA N9 N8 N7 N6 N51 N5 N4 N39 N3 N2 N15 N13 N12 N10 N1
G87535DG,NC NB NA N6 N53 N52 N5 N4 N3 N2 N15 N1
G87645JA,NC NB NA N9 N8 N7 N61 N60 N6 N59 N5 N4 N37 N36 N34 N3 N2 N17 N15 N10 N1
G87668ED,NC NB NA N5 N42 N4 N15 N1
G87695KR,NC NB NA N9 N5 N4 N2 N15 N1
G87777GG,NC NB NA N5 N4 N15 N11 N1
G87784HD,NC NB NA N4 N27 N26 N25 N24 N23 N22 N21 N20 N19 N1
G87908HE,NC NB NA N83 N60 N6 N59 N5 N4 N3 N2 N1
G87921DA,NC NB NA N8 N7 N6 N5 N4 N3 N2 N15 N1
G87937HR,NC NB NA N6 N5 N41 N4 N3 N2 N15 N11 N1
G88122ZQ,NC NB NA N9 N8 N7 N6 N5 N4 N38 N3 N2 N17 N16 N14 N10 N1
G88242BL,NC NB NA N6 N5 N4 N3 N2 N15 N13 N1
G88310CR,NC NB NA N8 N7 N6 N5 N4 N34 N3 N2 N17 N16 N15 N11 N1
G88321DT,NC NB NA N9 N8 N7 N6 N5 N4 N3 N2 N18 N12 N10 N1
G88334IC,NC NB NA N4 N26 N25 N22 N21 N1
G88382QE,NC NB NA N9 N8 N7 N6 N5 N42 N4 N3 N2 N10 N1
G88417ED,NC NB NA N6 N5 N4 N29 N2 N15 N1
G88421PE,NC NB NA N6 N5 N4 N13 N1
G88461FF,NC NB NA N5 N4 N29 N2 N15 N1
G88495BI,NC NB NA N6 N5 N4 N3 N2 N17 N16 N1
G88582ZD,NC NB NA N9 N8 N7 N63 N62 N60 N6 N59 N5 N4 N37 N36 N3 N2 N10 N1
G88734GE,NC NB NA N9 N8 N7 N6 N5 N4 N38 N34 N3 N2 N17 N15 N10 N1
G88784SV,NC NB NA N9 N6 N5 N4 N1
G88800UV,NC NB NA N9 N8 N7 N6 N5 N4 N3 N2 N10 N1
G88876JQ,NC NB NA N5 N4 N2 N1
G88884NJ,NC NB NA N8 N7 N6 N5 N4 N1
G88948CY,NC NB NA N8 N7 N5 N4 N29 N2 N15 N1
G88972LX,NC NB NA N5 N4 N29 N2 N15 N1
G88992QY,NC NB NA N6 N5 N4 N29 N2 N15 N1
G89036WC,NC NB NA N41 N4 N3 N2 N1
G89058RF,NC NB NA N97 N53 N4 N3 N24 N2 N19 N15 N1
G89143RS,NC NB NA N6 N5 N4 N32 N31 N3 N2 N13 N12 N1
G89168LM,NC NB NA N9 N8 N7 N6 N5 N4 N3 N2 N15 N11 N10 N1
G89261EQ,NC NB NA N9 N8 N7 N6 N5 N4 N38 N34 N3 N2 N16 N15 N12 N10 N1
G89285QP,NC NB NA N5 N4 N30 N29 N2 N15 N1
G89364NG,NC NB NA N63 N62 N6 N5 N4 N3 N2 N1
G89398CR,NC NB NA N4 N29 N2 N19 N15 N1
G89532GI,NC NB NA N9 N7 N6 N5 N4 N2 N1
G89637WE,NC NB NA N5 N4 N2 N15 N1
G89663TB,NC NB NA N5 N4 N2 N15 N11 N1
G89808TP,NC NB NA N6 N52 N50 N5 N4 N3 N2 N1
G89864BN,NC NB NA N4 N24 N23 N21 N20 N19 N1
G89877QI,NC NB NA N8 N7 N6 N5 N4 N34 N3 N2 N13 N12 N1
G89905SH,NC NB NA N9 N7 N6 N5 N4 N2 N15 N10 N1
G89941FZ,NC NB NA N70 N69 N5 N4 N30 N29 N2 N15 N1
G89993FE,NC NB NA N6 N5 N4 N2 N1
G90017UO,NC NB NA N5 N41 N4 N3 N2 N15 N1
G90028HY,NC NB NA N6 N5 N41 N4 N3 N2 N15 N13 N1
G90099GV,NC NB NA N6 N5 N4 N3 N2 N13 N12 N1
G90111MD,NC NB NA N8 N7 N6 N5 N4 N34 N3 N2 N16 N15 N1
G90130AG,NC NB NA N77 N76 N66 N65 N63 N62 N60 N6 N59 N5 N4 N3 N2 N15 N1
G90348RI,NC NB NA N6 N5 N42 N4 N3 N2 N15 N12 N1
G90509QW,NC NB NA N8 N7 N6 N56 N55 N5 N48 N4 N3 N2 N1
G90542MP,NC NB NA N9 N82 N8 N7 N6 N5 N4 N38 N34 N3 N2 N16 N15 N12 N109 N108 N10 N1
G90712YJ,NC NB NA N9 N8 N7 N6 N5 N4 N29 N2 N15 N10 N1
G90725ZC,NC NB NA N6 N5 N4 N2 N13 N1
G90784AP,NC NB NA N9 N8 N7 N6 N58 N5 N4 N37 N36 N3 N2 N17 N16 N15 N10 N1
G90825UM,NC NB NA N6 N5 N49 N47 N4 N3 N2 N1
G90840KY,NC NB NA N9 N8 N7 N61 N60 N6 N59 N58 N5 N4 N37 N36 N34 N3 N2 N15 N10 N1
G90870DG,NC NB NA N9 N7 N5 N4 N3 N2 N15 N1
G90889KG,NC NB NA N6 N5 N4 N3 N2 N17 N16 N15 N1
G90950UC,NC NB NA N9 N7 N5 N4 N2 N1
G90987JA,NC NB NA N6 N5 N4 N3 N2 N15 N1
G91023GB,NC NB NA N6 N5 N4 N3 N2 N15 N12 N11 N1
G91151XY,NC NB NA N6 N54 N5 N4 N3 N2 N11 N1
G91219PM,NC NB NA N4 N27 N26 N25 N24 N23 N22 N21 N20 N19 N1
G91247WI,NC NB NA N9 N7 N5 N4 N2 N1
G91337ZP,NC NB NA N5 N4 N30 N3 N2 N15 N1
G91365ZQ,NC NB NA N6 N5 N4 N3 N2 N12 N1
G91413ZX,NC NB NA N8 N7 N6 N5 N4 N34 N3 N2 N17 N16 N15 N1
G91511MZ,NC NB NA N6 N50 N5 N4 N3 N2 N15 N12 N1
G91518OM,NC NB NA N6 N5 N45 N4 N3 N2 N15 N12 N1
G91550OH,NC NB NA N9 N6 N5 N43 N42 N4 N3 N2 N15 N11 N10 N1
G91599FN,NC NB NA N8 N7 N5 N4 N1
G91704UR,NC NB NA N4 N24 N22 N21 N20 N19 N1
G91905FJ,NC NB NA N9 N6 N5 N4 N3 N2 N17 N16 N15 N10 N1
G92024SL,NC NB NA N7 N4 N2 N1
G92042VQ,NC NB NA N4 N24 N23 N22 N21 N20 N19 N1
G92057EA,NC NB NA N61 N60 N6 N59 N5 N4 N3 N2 N17 N15 N1
G92219PK,NC NB NA N7 N5 N4 N30 N29 N2 N1
G92257YN,NC NB NA N9 N4 N15 N10 N1
G92320PF,NC NB NA N9 N7 N6 N5 N4 N2 N15 N1
G92485DY,NC NB NA N9 N6 N58 N5 N4 N37 N36 N3 N2 N17 N16 N15 N10 N1
G92527BY,NC NB NA N9 N8 N7 N6 N50 N5 N4 N3 N2 N14 N12 N1
G92574YO,NC NB NA N9 N8 N7 N6 N5 N4 N38 N3 N2 N17 N16 N15 N10 N1
G92575UZ,NC NB NA N6 N5 N4 N2 N15 N11 N1
G92594VG,NC NB NA N9 N8 N7 N61 N60 N6 N59 N5 N4 N38 N34 N3 N2 N17 N15 N10 N1
G92612ZM,NC NB NA N40 N4 N1
G92627GM,NC NB NA N86 N5 N44 N4 N2 N119 N118 N103 N102 N1
G92681HQ,NC NB NA N9 N8 N7 N6 N5 N4 N38 N3 N2 N17 N16 N10 N1
G92777SG,NC NB NA N7 N6 N52 N5 N4 N3 N2 N1
G92848CF,NC NB NA N9 N8 N7 N6 N5 N4 N35 N34 N3 N2 N13 N12 N10 N1
G93075HW,NC NB NA N8 N7 N4 N20 N2 N19 N15 N11 N1
G93164KQ,NC NB NA N4 N3 N20 N2 N19 N12 N1
G93198UO,NC NB NA N5 N4 N30 N29 N2 N15 N1
G93204KY,NC NB NA N6 N5 N4 N3 N2 N17 N16 N11 N1
G93310KW,NC NB NA N4 N29 N2 N1
G93320VA,NC NB NA N6 N50 N5 N4 N3 N2 N15 N1
G93446UA,NC NB NA N9 N8 N7 N6 N5 N4 N29 N2 N15 N10 N1
G93450TT,NC NB NA N8 N7 N56 N4 N3 N2 N15 N130 N1
G93500PH,NC NB NA N7 N5 N4 N2 N11 N1
G93575MM,NC NB NA N4 N25 N23 N22 N21 N20 N19 N1
G93624ZP,NC NB NA N7 N6 N5 N4 N1
G93638BI,NC NB NA N8 N7 N6 N5 N4 N34 N3 N2 N13 N12 N1
G93746CY,NC NB NA N6 N5 N4 N29 N2 N1
G93758YP,NC NB NA N9 N8 N7 N6 N5 N4 N35 N3 N2 N16 N15 N14 N12 N10 N1
G93767EH,NC NB NA N9 N7 N5 N4 N2 N15 N1
G93788SW,NC NB NA N9 N6 N5 N4 N3 N2 N10 N1
G93802RY,NC NB NA N9 N80 N8 N75 N7 N61 N60 N6 N59 N58 N5 N4 N37 N36 N3 N2 N17 N15 N106 N10 N1
G93906VI,NC NB NA N8 N7 N5 N4 N30 N29 N2 N1
G94019IV,NC NB NA N6 N5 N4 N3 N2 N17 N16 N15 N12 N1
G94045IP,NC NB NA N6 N5 N4 N3 N2 N16 N15 N12 N11 N1
G94047VH,NC NB NA N6 N5 N4 N3 N2 N16 N1
G94116NC,NC NB NA N6 N5 N49 N4 N2 N15 N1
G94156YI,NC NB NA N4 N31 N1
G94163JZ,NC NB NA N86 N73 N7 N5 N44 N4 N33 N28 N2 N15 N101 N1
G94277TH,NC NB NA N82 N8 N7 N6 N5 N4 N34 N3 N2 N16 N15 N1
G94363RH,NC NB NA N9 N8 N7 N6 N5 N4 N38 N3 N2 N14 N13 N12 N10 N1
G94366XH,NC NB NA N6 N5 N4 N29 N2 N16 N1
G94394GK,NC NB NA N83 N60 N6 N59 N52 N5 N4 N3 N2 N1
G94423NC,NC NB NA N9 N8 N7 N5 N4 N30 N29 N2 N10 N1
G94490EL,NC NB NA N4 N29 N2 N19 N15 N1
G94531EZ,NC NB NA N9 N8 N7 N6 N5 N4 N38 N34 N3 N2 N17 N16 N15 N10 N1
G94626AX,NC NB NA N9 N8 N7 N63 N62 N60 N6 N59 N5 N4 N37 N36 N3 N2 N15 N10 N1
G94718HG,NC NB NA N9 N8 N7 N4 N15 N10 N1
G94736EY,NC NB NA N6 N54 N5 N4 N3 N2 N1
G94806YM,NC NB NA N63 N62 N6 N5 N42 N4 N3 N2 N15 N100 N1
G94816EL,NC NB NA N6 N54 N5 N4 N3 N2 N17 N15 N104 N1
G94876HV,NC NB NA N9 N8 N7 N6 N5 N4 N38 N3 N2 N16 N109 N108 N10 N1
G94926TV,NC NB NA N9 N74 N6 N5 N4 N29 N2 N15 N1
G94935XB,NC NB NA N8 N7 N4 N29 N20 N2 N1
G94946LG,NC NB NA N7 N5 N4 N29 N2 N15 N1
G94959AA,NC NB NA N9 N8 N7 N61 N60 N6 N59 N5 N4 N34 N3 N2 N17 N15 N10 N1
G94975UV,NC NB NA N9 N8 N7 N6 N5 N4 N38 N3 N2 N17 N16 N15 N10 N1
G94979RS,NC NB NA N9 N6 N5 N4 N3 N2 N151 N150 N13 N12 N10 N1
G95109CV,NC NB NA N9 N6 N5 N4 N35 N3 N2 N17 N16 N15 N10 N1
G95186HE,NC NB NA N8 N7 N6 N5 N4 N34 N3 N2 N17 N16 N1
G95222PD,NC NB NA N9 N7 N6 N5 N4 N3 N2 N10 N1
G95227SJ,NC NB NA N4 N25 N24 N22 N21 N20 N19 N1
G95251MI,NC NB NA N9 N8 N7 N6 N58 N5 N4 N37 N36 N3 N2 N17 N16 N15 N10 N1
G95260HV,NC NB NA N99 N60 N6 N59 N5 N42 N4 N3 N2 N12 N1
G95298UR,NC NB NA N8 N7 N6 N5 N4 N32 N31 N3 N2 N15 N13 N12 N11 N1
G95333ZG,NC NB NA N9 N6 N5 N4 N35 N3 N2 N17 N13 N10 N1
G95440SV,NC NB NA N9 N8 N7 N6 N5 N4 N38 N34 N3 N2 N17 N15 N13 N10 N1
G95473VJ,NC NB NA N8 N7 N6 N5 N4 N29 N2 N15 N1
G95490LA,NC NB NA N9 N8 N7 N6 N5 N41 N4 N3 N2 N10 N1
G95542JQ,NC NB NA N9 N8 N7 N6 N5 N4 N38 N3 N2 N16 N15 N14 N12 N10 N1
G95617FJ,NC NB NA N6 N5 N42 N4 N3 N2 N15 N11 N1
G95658PH,NC NB NA N9 N69 N6 N5 N4 N38 N29 N2 N16 N15 N10 N1
G95695ZV,NC NB NA N9 N8 N7 N60 N6 N59 N5 N4 N37 N36 N3 N2 N10 N1
G95898GD,NC NB NA N8 N7 N6 N5 N4 N3 N2 N15 N11 N1
G95901MC,NC NB NA N4 N15 N11 N1
G95919TI,NC NB NA N8 N7 N6 N5 N42 N4 N3 N2 N18 N15 N1
G95984JN,NC NB NA N6 N5 N4 N15 N13 N1
G95994EE,NC NB NA N83 N60 N6 N59 N52 N5 N4 N3 N2 N15 N1
G96063MG,NC NB NA N6 N5 N4 N29 N2 N1
G96079QX,NC NB NA N6 N5 N41 N4 N29 N2 N16 N15 N1
G96091LW,NC NB NA N8 N7 N6 N5 N4 N2 N11 N1
G96113SZ,NC NB NA N6 N5 N44 N42 N4 N2 N15 N1
G96175KT,NC NB NA N6 N5 N4 N3 N2 N16 N1
G96223WK,NC NB NA N7 N6 N52 N5 N41 N4 N3 N2 N15 N1
G96503EZ,NC NB NA N61 N60 N6 N59 N5 N4 N3 N2 N17 N15 N1
G96674LJ,NC NB NA N9 N8 N7 N6 N5 N4 N35 N34 N3 N2 N17 N16 N15 N10 N1
G96719MC,NC NB NA N9 N61 N60 N6 N59 N58 N5 N4 N37 N36 N3 N2 N17 N15 N10 N1
G96916QO,NC NB NA N9 N6 N5 N4 N38 N3 N2 N16 N15 N10 N1
G96919WB,NC NB NA N62 N6 N59 N5 N4 N3 N2 N1
G96921ZU,NC NB NA N6 N5 N4 N3 N2 N16 N15 N12 N1
G96932XT,NC NB NA N6 N5 N4 N29 N2 N16 N15 N1
G96963QG,NC NB NA N9 N6 N5 N4 N3 N2 N17 N10 N1
G97023FS,NC NB NA N4 N21 N1
G97109LT,NC NB NA N6 N5 N42 N4 N3 N2 N15 N1
G97123TW,NC NB NA N8 N7 N6 N5 N4 N3 N2 N18 N16 N12 N1
G97185IQ,NC NB NA N9 N6 N5 N4 N35 N3 N2 N16 N15 N12 N10 N1
G97292GW,NC NB NA N4 N22 N21 N20 N19 N1
G97453GF,NC NB NA N9 N78 N73 N6 N5 N44 N4 N2 N16 N15 N105 N1
G97575FW,NC NB NA N4 N3 N2 N19 N17 N1
G97645ML,NC NB NA N9 N61 N60 N6 N59 N58 N5 N4 N37 N36 N3 N2 N17 N15 N10 N1
G97674NY,NC NB NA N8 N7 N6 N5 N4 N34 N3 N2 N18 N13 N12 N1
G97686QU,NC NB NA N7 N4 N2 N19 N1
G97709WW,NC NB NA N8 N7 N6 N5 N4 N34 N3 N2 N17 N16 N1
G97720QM,NC NB NA N6 N5 N4 N16 N1
G97765TT,NC NB NA N97 N6 N53 N5 N4 N3 N2 N15 N1
G97814YJ,NC NB NA N6 N5 N4 N3 N2 N12 N11 N1
G97842ZO,NC NB NA N5 N42 N4 N3 N2 N15 N12 N1
G97910HZ,NC NB NA N4 N3 N2 N15 N11 N1
G97948YW,NC NB NA N9 N7 N5 N4 N30 N29 N2 N1
G97996SP,NC NB NA N9 N6 N57 N5 N4 N3 N2 N17 N16 N15 N10 N1
G98115AV,NC NB NA N99 N63 N62 N60 N6 N59 N5 N42 N41 N4 N3 N2 N15 N1
G98117HW,NC NB NA N4 N29 N2 N19 N1
G98140IX,NC NB NA N4 N2 N11 N1
G98207CW,NC NB NA N9 N8 N7 N6 N5 N4 N35 N3 N2 N17 N16 N14 N10 N1
G98212GQ,NC NB NA N6 N5 N4 N3 N2 N17 N16 N1
G98217YG,NC NB NA N6 N54 N53 N5 N4 N3 N2 N11 N1
G98256YA,NC NB NA N4 N26 N25 N24 N23 N22 N21 N20 N19 N1
G98292JT,NC NB NA N7 N6 N5 N4 N2 N1
G98366ZJ,NC NB NA N9 N6 N5 N4 N38 N3 N2 N17 N16 N10 N1
G98549NZ,NC NB NA N69 N5 N4 N30 N29 N2 N15 N1
G98559XP,NC NB NA N9 N8 N7 N6 N5 N4 N3 N2 N18 N10 N1
G98565KP,NC NB NA N9 N8 N7 N6 N5 N4 N3 N2 N13 N12 N10 N1
G98809PE,NC NB NA N9 N7 N6 N5 N4 N3 N2 N15 N1
G98862GW,NC NB NA N9 N7 N6 N5 N4 N3 N28 N2 N10 N1
G99026RX,NC NB NA N8 N7 N6 N5 N4 N15 N14 N13 N1
G99074EO,NC NB NA N9 N6 N5 N4 N3 N2 N17 N16 N10 N1
G99129GB,NC NB NA N5 N4 N3 N2 N1
G99141XX,NC NB NA N9 N6 N5 N4 N38 N3 N2 N16 N10 N1
G99154NV,NC NB NA N6 N5 N42 N4 N3 N2 N15 N1
G99225RS,NC NB NA N6 N5 N4 N29 N2 N16 N15 N108 N1
G99229VQ,NC NB NA N6 N5 N49 N47 N4 N3 N2 N15 N1
G99258WN,NC NB NA N6 N5 N4 N16 N1
G99270AV,NC NB NA N9 N6 N5 N4 N2 N10 N1
G99372TR,NC NB NA N6 N5 N47 N4 N3 N2 N15 N1
G99382AP,NC NB NA N5 N41 N4 N3 N2 N15 N11 N1
G99390JL,NC NB NA N6 N5 N4 N29 N2 N1
G99448WD,NC NB NA N6 N52 N5 N4 N3 N2 N16 N1
G99503MW,NC NB NA N9 N7 N6 N5 N4 N2 N10 N1
G99533GU,NC NB NA N9 N8 N7 N6 N5 N4 N35 N3 N2 N15 N14 N13 N12 N10 N1
G99568AR,NC NB NA N9 N8 N7 N6 N5 N4 N38 N34 N3 N2 N16 N15 N10 N1
G99622IJ,NC NB NA N8 N7 N4 N3 N2 N1
G99647DZ,NC NB NA N6 N5 N42 N41 N4 N3 N2 N15 N11 N1
G99669MJ,NC NB NA N4 N24 N23 N20 N19 N1
G99770NO,NC NB NA N9 N6 N5 N4 N3 N2 N15 N11 N10 N1
G99808VS,NC NB NA N8 N7 N6 N5 N4 N3 N2 N15 N1
G99858XP,NC NB NA N4 N20 N19 N15 N1
G99897FQ,NC NB NA N5 N4 N29 N2 N1
G99935CU,NC NB NA N4 N29 N20 N2 N19 N15 N1
G99954ZJ,NC NB NA N6 N5 N4 N3 N2 N17 N15 N13 N11 N1
G99969SS,NC NB NA N4 N29 N20 N2 N19 N15 N1